{
  "M1": [
    [
      0.8189889647022367,
      0.36189146738896,
      -0.1288685181979693
    ],
    [
      0.03298391207546648,
      0.9292940788255503,
      0.03614494665290377
    ],
    [
      0.048184113668356454,
      0.26427748135788043,
      0.6336388271114471
    ]
  ],
  "M2": [
    [
      0.21186668013760682,
      0.7989440040850104,
      -0.004099375589489282
    ],
    [
      2.1978213332105474,
      -2.1409315758523935,
      -0.05688975735815416
    ],
    [
      -1.1267837071144262,
      2.506840907756166,
      -1.3800572006417402
    ]
  ],
  "transfer": "depcubic",
  "depcubic_alpha": 0.02,
  "L_corr_pw": [
    -0.04035135074298947,
    -0.07437495063994935,
    -0.09473320208003727,
    -0.09628935181229675,
    -0.09366729917874557,
    -0.09017201217705521,
    -0.08563137610875787,
    -0.08042691460608083,
    -0.07474573435929541,
    -0.06871193448187354,
    -0.06241220263716987,
    -0.05590714569075776,
    -0.04924024583243313,
    -0.042444535627712644,
    -0.03554400324813989,
    -0.02855746439630214,
    -0.021499505020397415,
    -0.01438142088647867,
    -0.007214528205032858
  ],
  "L_corr_pw_step": 0.05
}