{
  "M1": [
    [
      0.8201699317590304,
      0.3624133082434048,
      -0.13037868471883626
    ],
    [
      0.03275793909496088,
      0.9229274794883355,
      0.04218939792261145
    ],
    [
      0.04831121029253055,
      0.26497457368081917,
      0.6328876594807631
    ]
  ],
  "M2": [
    [
      0.21186668013760682,
      0.7989440040850104,
      -0.004099375589489282
    ],
    [
      3.8216724342353166,
      -3.7736750769862724,
      -0.047997357249044414
    ],
    [
      -1.9019874174879559,
      4.320843551204383,
      -2.418856133716427
    ]
  ],
  "transfer": "depcubic",
  "depcubic_alpha": 0.02,
  "L_corr_pw": [
    -0.04997630376931436,
    -0.06330595339140628,
    -0.07543730464413405,
    -0.0841906428767729,
    -0.08507653153498373,
    -0.07872351764773335,
    -0.07799972395915246,
    -0.07369874873920054,
    -0.07338386914749724,
    -0.06894230020318971,
    -0.06625329001901718,
    -0.06275560053493898,
    -0.05634373822521444,
    -0.05479963889496201,
    -0.04506468010141999,
    -0.04242045387441699,
    -0.029041459222581983,
    -0.027067274447521737,
    -0.010628578154463239
  ],
  "L_corr_pw_step": 0.05
}