{
  "M1": [
    [
      0.8189889647022367,
      0.36189146738896,
      -0.1288685181979693
    ],
    [
      0.03298391207546648,
      0.9292940788255503,
      0.03614494665290377
    ],
    [
      0.048184113668356454,
      0.26427748135788043,
      0.6336388271114471
    ]
  ],
  "M2": [
    [
      0.21186668013760682,
      0.7989440040850104,
      -0.004099375589489282
    ],
    [
      1.9749260525545185,
      -2.424671132423748,
      0.44974507986922996
    ],
    [
      0.02706900277505537,
      0.7784814396377089,
      -0.8055504424127643
    ]
  ],
  "transfer": "depcubic",
  "depcubic_alpha": 0.02
}