{
  "M1": [
    [
      0.8189889647022367,
      0.36189146738896,
      -0.1288685181979693
    ],
    [
      0.03298391207546648,
      0.9292940788255503,
      0.03614494665290377
    ],
    [
      0.048184113668356454,
      0.26427748135788043,
      0.6336388271114471
    ]
  ],
  "M2": [
    [
      0.21222273820719947,
      0.8002866902479425,
      -0.004106264901947384
    ],
    [
      1.9779984951,
      -2.428592205,
      0.4505937099
    ],
    [
      0.02590402925005622,
      0.7827717365980564,
      -0.8086757658481126
    ]
  ],
  "transfer": "depcubic",
  "depcubic_alpha": 0.025
}