{
  "M1": [
    [
      0.8154374689350069,
      0.360322148696067,
      -0.12432702974268064
    ],
    [
      0.03298391014473871,
      0.9292940801550122,
      0.03614494711728918
    ],
    [
      0.04818410922430734,
      0.26427748543637175,
      0.6336388272450252
    ]
  ],
  "M1_source": "facelessuser 64-bit clean OKLab + d[0,2]=+0.004",
  "M2": [
    [
      0.2337515171705931,
      0.8814711825753972,
      -0.004522821912689824
    ],
    [
      102.65082449444448,
      -98.72374539093765,
      -3.927079103506827
    ],
    [
      -52.578091500742026,
      115.5059627984187,
      -62.927871297676674
    ]
  ],
  "transfer": "softcbrt",
  "L_corr_pw": [
    -0.03788327778829582,
    -0.0691557786170494,
    -0.07954230309208869,
    -0.07436199400597837,
    -0.08854140735258849,
    -0.07004101006259086,
    -0.06333006133552115,
    -0.06971524374506455,
    -0.0713896436934052,
    -0.06251399311181567,
    -0.062373894111609395,
    -0.05956383014717389,
    -0.05648028309577842,
    -0.046907808959994315,
    -0.04442906828708875,
    -0.03642775279577241,
    -0.03200362215591683,
    -0.02804551599267707,
    -0.013887610690876288
  ],
  "L_corr_pw_step": 0.05,
  "enrichment": {
    "chroma_dep_hue_rot": {
      "amp": -0.2,
      "center_deg": 240.0,
      "sigma_rad": 0.7
    }
  },
  "softcbrt_eps": 0.001
}