{
  "M1": [
    [
      0.8189889647022367,
      0.36189146738896,
      -0.1288685181979693
    ],
    [
      0.03298391207546648,
      0.9292940788255503,
      0.03614494665290377
    ],
    [
      0.048184113668356454,
      0.26427748135788043,
      0.6336388271114471
    ]
  ],
  "M2": [
    [
      0.2337515171705931,
      0.8814711825753971,
      -0.004522821912689824
    ],
    [
      2.7890721177036815,
      -2.7096895745214393,
      -0.07938254318224258
    ],
    [
      -1.4034975275368233,
      3.129185596875424,
      -1.7256880693386007
    ]
  ],
  "transfer": "softcbrt",
  "softcbrt_eps": 0.001,
  "gamma": [
    0.3333333333333333,
    0.3333333333333333,
    0.3333333333333333
  ],
  "hue_sin2": 0.0,
  "L_corr_pw": [
    -0.033038847589058666,
    -0.048636964094805425,
    -0.04465175195962728,
    -0.039982020073036334,
    -0.03659647390964264,
    -0.03349920561020625,
    -0.030705250011685177,
    -0.02806636435875929,
    -0.025534152255944523,
    -0.02307699629064908,
    -0.020673848699488163,
    -0.018310854367635063,
    -0.015978072064955384,
    -0.013667651999540164,
    -0.01137355497091944,
    -0.00909041424646808,
    -0.006814204437051574,
    -0.0045410863078123725,
    -0.0022693717533288243
  ],
  "L_corr_pw_step": 0.05
}