{
  "M1": [
    [
      0.8154374735648701,
      0.3603221491264266,
      -0.12432703417946676
    ],
    [
      0.03298391207546648,
      0.9292940788255503,
      0.03614494665290377
    ],
    [
      0.048184113668356454,
      0.26427748135788043,
      0.6336388271114471
    ]
  ],
  "M2": [
    [
      0.2104542553,
      0.793617785,
      -0.0040720468
    ],
    [
      2.4449125207271787,
      -2.2354038758573456,
      0.37371697240876556
    ],
    [
      -0.2134483080103466,
      0.961913635164546,
      -1.1764156585316246
    ]
  ],
  "transfer": "rational",
  "rational_a": 5.327675427683216,
  "rational_b": 2.4949849060453957,
  "rational_c": 6.822660333728612,
  "nc": true
}