{
  "M1": [
    [
      0.9433644252095081,
      0.4522657119527572,
      -0.3204405620543505
    ],
    [
      0.0725174359334811,
      0.9585012942544475,
      -0.025189369861358835
    ],
    [
      -0.2366383572491318,
      0.20243350491340528,
      0.9390668465244135
    ]
  ],
  "M2": [
    [
      0.4186829672959844,
      0.9818208667926889,
      -0.40013180020977357
    ],
    [
      2.296416677243305,
      -3.146446429017883,
      0.8500297517745778
    ],
    [
      -0.3206191521309855,
      0.6432214529392518,
      -0.3226023008082663
    ]
  ],
  "transfer": "hybrid",
  "transfer_param": 0.5,
  "blend_w": 0.09893399732170705,
  "L_corr": [
    0.2522821379325735,
    -0.1167759642732524,
    -0.3
  ],
  "architecture": "HybridTransfer_Adam_TwoPhase"
}