{
  "M1": [
    [
      0.8189330101,
      0.3618667424,
      -0.1288597137
    ],
    [
      0.0329845436,
      0.9293118715,
      0.0361456387
    ],
    [
      0.0482003018,
      0.2643662691,
      0.633851707
    ]
  ],
  "M2": [
    [
      0.6000164958361275,
      0.40001099722408506,
      0.0
    ],
    [
      1.5345132073667354,
      -1.686776589860237,
      0.15233427637129998
    ],
    [
      0.4315008499174069,
      0.1740022534726854,
      -0.6053138202357567
    ]
  ],
  "M1_inv": [
    [
      1.2270138511035211,
      -0.5577999806518222,
      0.2812561489664678
    ],
    [
      -0.0405801784232806,
      1.11225686961683,
      -0.07167667866560119
    ],
    [
      -0.0763812845057069,
      -0.4214819784180127,
      1.5861632204407947
    ]
  ],
  "M2_inv": [
    [
      0.9999436523199192,
      0.24345200725834665,
      0.061267534487146634
    ],
    [
      1.0000157907592089,
      -0.36517801088751994,
      -0.09190130173071996
    ],
    [
      1.0002770739814117,
      0.06857261447757376,
      -1.634778535222045
    ]
  ],
  "gamma": [
    0.8247373768821348,
    0.8247373768821348,
    0.8247373768821348
  ],
  "architecture": "Analytic_v3_OKLab_M1_p0.8247",
  "hue_rms": 0.9368883993282537,
  "blue_L": 0.11541542619874426,
  "L_range": 0.8232465390884037,
  "mean_cv": 0.06890743877355203
}