{
  "M1": [
    [
      0.8189330101,
      0.3618667424,
      -0.1288597137
    ],
    [
      0.0329845436,
      0.9293118715,
      0.0361456387
    ],
    [
      0.0482003018,
      0.2643662691,
      0.633851707
    ]
  ],
  "M2": [
    [
      0.6000110007586563,
      0.40000733383910425,
      0.0
    ],
    [
      1.6289716833321362,
      -1.852391636595865,
      0.22345938468584417
    ],
    [
      0.3532075857150952,
      0.2930486148239582,
      -0.6461266314390052
    ]
  ],
  "gamma": [
    0.5499999915487815,
    0.5499999915487815,
    0.5499999915487815
  ]
}