{
  "M1": [
    [
      0.38971,
      0.68898,
      -0.07868
    ],
    [
      -0.22981,
      1.1834,
      0.04641
    ],
    [
      0.0,
      0.0,
      1.0
    ]
  ],
  "M2": [
    [
      0.6024585637267482,
      0.40163904248449883,
      0.0
    ],
    [
      0.42557279671892273,
      -0.5033803165867757,
      0.08279204892704645
    ],
    [
      0.3455893788479126,
      0.20516709489051904,
      -0.5289923593034263
    ]
  ],
  "M1_inv": [
    [
      1.910196834052035,
      -1.1121238927878747,
      0.20190795676749937
    ],
    [
      0.37095008824868864,
      0.6290542573926132,
      -8.055142184361326e-06
    ],
    [
      0.0,
      0.0,
      1.0
    ]
  ],
  "M2_inv": [
    [
      0.9888764642690733,
      0.8427685676184249,
      0.13190083988419063
    ],
    [
      1.006483092710965,
      -1.2641528514276372,
      -0.19785125982628596
    ],
    [
      1.0363900453192267,
      0.060283097118479664,
      -1.8809516269462083
    ]
  ],
  "gamma": 0.42,
  "architecture": "Analytic_HPE_Stevens"
}