{
  "M1": [
    [
      0.8189330101,
      0.3618667424,
      -0.1288597137
    ],
    [
      0.0329845436,
      0.9293118715,
      0.0361456387
    ],
    [
      0.0482003018,
      0.2643662691,
      0.633851707
    ]
  ],
  "M2": [
    [
      0.0212282542,
      0.9356440517,
      0.0431173484
    ],
    [
      1.3707520796,
      -1.6829443806,
      0.3121993339
    ],
    [
      0.0179071752,
      0.5425187825,
      -0.5603662771
    ]
  ],
  "gamma": [
    0.3333333333333333,
    0.3333333333333333,
    0.3333333333333333
  ]
}