{
  "M1": [
    [
      0.38971,
      0.68898,
      -0.07868
    ],
    [
      -0.22981,
      1.1834,
      0.04641
    ],
    [
      0.0,
      0.0,
      1.0
    ]
  ],
  "gamma": [
    0.42,
    0.42,
    0.42
  ],
  "M2": [
    [
      0.6024585637267482,
      0.40163904248449883,
      0.0
    ],
    [
      2.6750674893826742,
      -2.5402485480219945,
      -0.08548332369101641
    ],
    [
      -0.7041291734560701,
      1.3061845768786269,
      -0.5966440221468503
    ]
  ],
  "hue_cos1": 0,
  "hue_sin1": 0,
  "hue_cos2": 0,
  "hue_sin2": 0,
  "hue_cos3": 0,
  "hue_sin3": 0,
  "hue_cos4": 0,
  "hue_sin4": 0,
  "L_corr_p1": 0,
  "L_corr_p2": 0,
  "L_corr_p3": 0,
  "lp_dark": 0,
  "lp_dark_hcos": 0,
  "lp_dark_hsin": 0,
  "lc1": 0,
  "lc2": 0,
  "chroma_power": 1.0,
  "hue_L_amp": 0,
  "hue_L_center": 0,
  "hue_L_width": 1,
  "hue_L_knee": 1
}