{
  "M1": [
    [
      0.38971,
      0.68898,
      -0.07868
    ],
    [
      -0.22981,
      1.1834,
      0.04641
    ],
    [
      0.0,
      0.0,
      1.0
    ]
  ],
  "M2": [
    [
      0.6024585637267482,
      0.40163904248449883,
      0.0
    ],
    [
      2.6750674893826742,
      -2.5402485480219945,
      -0.08548332369101641
    ],
    [
      -0.7041291734560701,
      1.3061845768786269,
      -0.5966440221468503
    ]
  ],
  "M1_inv": [
    [
      1.910196834052035,
      -1.1121238927878747,
      0.20190795676749937
    ],
    [
      0.37095008824868864,
      0.6290542573926132,
      -8.055142184361326e-06
    ],
    [
      0.0,
      0.0,
      1.0
    ]
  ],
  "M2_inv": [
    [
      0.9888764642690733,
      0.14562323491063883,
      -0.020863961867927976
    ],
    [
      1.006483092710965,
      -0.21843485236595817,
      0.031295942801891956
    ],
    [
      1.0363900453192267,
      -0.6500589779668325,
      -1.5829049867456142
    ]
  ],
  "gamma": [
    0.42,
    0.42,
    0.42
  ],
  "architecture": "Analytic_v2_HPE_Stevens_OptOpponent"
}