{
  "M1": [
    [
      0.8189330101,
      0.3618667424,
      -0.1288597137
    ],
    [
      0.0329845436,
      0.9293118715,
      0.0361456387
    ],
    [
      0.0482003018,
      0.2643662691,
      0.633851707
    ]
  ],
  "M2": [
    [
      0.6000140151139584,
      0.40000934340930566,
      0.0
    ],
    [
      1.4777106613806892,
      -1.6296525446805408,
      0.152000958504191
    ],
    [
      0.42051380325700755,
      0.17565452668936243,
      -0.5960144432054273
    ]
  ],
  "M1_inv": [
    [
      1.2270138511035211,
      -0.5577999806518222,
      0.2812561489664678
    ],
    [
      -0.0405801784232806,
      1.11225686961683,
      -0.07167667866560119
    ],
    [
      -0.0763812845057069,
      -0.4214819784180127,
      1.5861632204407947
    ]
  ],
  "M2_inv": [
    [
      0.9999518281401063,
      0.25238266948751714,
      0.06436489603445188
    ],
    [
      1.000013862845701,
      -0.3785740042312758,
      -0.09654734405167784
    ],
    [
      1.0002282912470999,
      0.06649529913916993,
      -1.6608534609850698
    ]
  ],
  "gamma": [
    0.7050684410769865,
    0.7240448587379755,
    0.6795474437658784
  ],
  "architecture": "Analytic_v3b_OKLab_M1_pcg"
}