{
  "M1": [
    [
      0.8189330101,
      0.3618667424,
      -0.1288597137
    ],
    [
      0.0329845436,
      0.9293118715,
      0.0361456387
    ],
    [
      0.0482003018,
      0.2643662691,
      0.633851707
    ]
  ],
  "M2": [
    [
      0.6000164958361275,
      0.40001099722408506,
      0.0
    ],
    [
      1.5345132073667354,
      -1.686776589860237,
      0.15233427637129998
    ],
    [
      0.4315008499174069,
      0.1740022534726854,
      -0.6053138202357567
    ]
  ],
  "gamma": [
    0.8247373768821348,
    0.8247373768821348,
    0.8247373768821348
  ]
}