{
  "M1": [
    [
      0.8189330101,
      0.3618667424,
      -0.1288597137
    ],
    [
      0.0329845436,
      0.9293118715,
      0.0361456387
    ],
    [
      0.0482003018,
      0.2643662691,
      0.633851707
    ]
  ],
  "M2": [
    [
      0.6000110007586563,
      0.40000733383910425,
      0.0
    ],
    [
      1.6289716833321362,
      -1.852391636595865,
      0.22345938468584417
    ],
    [
      0.3532075857150952,
      0.2930486148239582,
      -0.6461266314390052
    ]
  ],
  "M1_inv": [
    [
      1.2270138511035211,
      -0.5577999806518222,
      0.2812561489664678
    ],
    [
      -0.0405801784232806,
      1.11225686961683,
      -0.07167667866560119
    ],
    [
      -0.0763812845057069,
      -0.4214819784180127,
      1.5861632204407947
    ]
  ],
  "M2_inv": [
    [
      0.9999624225658907,
      0.22843096802092414,
      0.07900160908623088
    ],
    [
      1.000010530497141,
      -0.3426464520313862,
      -0.1185024136293463
    ],
    [
      1.000184766278096,
      -0.03053351535901087,
      -1.5582440833805271
    ]
  ],
  "gamma": [
    0.5499999915487815,
    0.5499999915487815,
    0.5499999915487815
  ],
  "architecture": "Analytic_v3_OKLab_M1_p0.5500"
}