{
  "M1": [
    [
      0.8189330101,
      0.3618667424,
      -0.1288597137
    ],
    [
      0.0329845436,
      0.9293118715,
      0.0361456387
    ],
    [
      0.0482003018,
      0.2643662691,
      0.633851707
    ]
  ],
  "M2": [
    [
      0.6000140151139584,
      0.40000934340930566,
      0.0
    ],
    [
      1.4777106613806892,
      -1.6296525446805408,
      0.152000958504191
    ],
    [
      0.42051380325700755,
      0.17565452668936243,
      -0.5960144432054273
    ]
  ],
  "gamma": [
    0.7050684410769865,
    0.7240448587379755,
    0.6795474437658784
  ]
}