{
  "M1": [
    [
      0.8189330101,
      0.3618667424,
      -0.1288597137
    ],
    [
      0.0329845436,
      0.9293118715,
      0.0361456387
    ],
    [
      0.0482003018,
      0.2643662691,
      0.633851707
    ]
  ],
  "M2": [
    [
      0.19996774989629457,
      0.5,
      0.3
    ],
    [
      1.7366906073513875,
      -2.1322263464234097,
      0.3955446495136897
    ],
    [
      0.022687708268710687,
      0.6873506066046482,
      -0.709962701809419
    ]
  ],
  "gamma": [
    0.3333333333333333,
    0.3333333333333333,
    0.3333333333333333
  ]
}