{
  "M1": [
    [
      6.213663274448127,
      -0.5041794153770129,
      -0.40416891025666857
    ],
    [
      -1.1592256796157883,
      4.350194381717271,
      0.5254938968299478
    ],
    [
      0.0008170122534259527,
      0.7226718820884986,
      2.227799849833172
    ]
  ],
  "M2": [
    [
      0.2273693731860043,
      0.2084005610779323,
      0.19539828790940916
    ],
    [
      -1.2820624609046716,
      1.4527937646801212,
      -0.057632529379574304
    ],
    [
      -0.7307613189963801,
      0.8190324841707004,
      -0.023204329177869354
    ]
  ],
  "gamma": [
    0.3333333333333333,
    0.3333333333333333,
    0.3333333333333333
  ],
  "L_corr": [
    0,
    0,
    0
  ],
  "hue_correction": [
    0,
    0,
    0,
    0
  ],
  "chroma_power": 1.0,
  "chroma_k": 0.0,
  "architecture": "analytical_step2",
  "gradient_cv": 0.6497874985384633,
  "blue_gr": 1.0201725269249438
}