{
  "M1": [
    [
      -2.1909022475965365,
      1.95114320635212,
      0.8603986715350458
    ],
    [
      -1.449469376968568,
      2.6838912720752823,
      0.10568751885503767
    ],
    [
      0.12030799490345775,
      -1.0131173096217565,
      6.320112320114792
    ]
  ],
  "M2": [
    [
      0.1714999370459867,
      0.20723090860156337,
      0.3346012042699581
    ],
    [
      2.4917364742852506,
      1.3190651865744947,
      -2.094086084126335
    ],
    [
      2.0594730379428468,
      1.019990419563134,
      -1.687301272563749
    ]
  ],
  "gamma": [
    0.3333333333333333,
    0.3333333333333333,
    0.3333333333333333
  ],
  "L_corr": [
    -0.11473015378452753,
    0.3449146493309013,
    -1.814651805714623
  ],
  "hue_correction": [
    0,
    0,
    0,
    0
  ],
  "chroma_power": 1.0,
  "chroma_k": 0.0,
  "architecture": "clean_slate_v2",
  "cusps": 360
}