{
  "M1": [
    [
      -2.1909022475965365,
      1.95114320635212,
      0.8603986715350458
    ],
    [
      -1.449469376968568,
      2.6838912720752823,
      0.10568751885503767
    ],
    [
      0.12030799490345775,
      -1.0131173096217565,
      6.320112320114792
    ]
  ],
  "M2": [
    [
      0.1714999370459867,
      0.20723090860156337,
      0.3346012042699581
    ],
    [
      1.006352127109476,
      0.5427494752229782,
      -0.8519508887028941
    ],
    [
      -1.757929896110779,
      -0.9878973388453278,
      1.5128688217147872
    ]
  ],
  "gamma": [
    0.3333333333333333,
    0.3333333333333333,
    0.3333333333333333
  ],
  "L_corr": [
    0,
    0,
    0
  ],
  "hue_correction": [
    0,
    0,
    0,
    0
  ],
  "chroma_power": 1.0,
  "chroma_k": 0.0,
  "architecture": "clean_slate_v1",
  "blue_gr": 1.3436649227746287,
  "cusps": 360
}