{
  "M1": [
    [
      -2.428010533011779,
      7.918792809825692,
      0.47353610236034327
    ],
    [
      0.027569044181415123,
      1.5016047312203156,
      7.934991523270159
    ],
    [
      6.594137873564654,
      -2.32071351326712,
      -1.595523746819674
    ]
  ],
  "M2": [
    [
      0.18790490863484058,
      0.22246978556628816,
      0.13375172584860356
    ],
    [
      1.2150634509823401,
      -0.5992323676788845,
      -0.7103107627037928
    ],
    [
      0.1620084601309787,
      -0.5642419981402307,
      0.7109038095134312
    ]
  ],
  "gamma": [
    0.3333333333333333,
    0.3333333333333333,
    0.3333333333333333
  ],
  "architecture": "clean_slate_v3",
  "cusps": 360
}