{
  "M1": [
    [
      -2.428010533011779,
      7.918792809825692,
      0.47353610236034327
    ],
    [
      0.027569044181415123,
      1.5016047312203156,
      7.934991523270159
    ],
    [
      6.594137873564654,
      -2.32071351326712,
      -1.595523746819674
    ]
  ],
  "M2": [
    [
      0.18790490863484058,
      0.22246978556628816,
      0.13375172584860356
    ],
    [
      1.2129413252464323,
      -0.5977507660651007,
      -0.7097937880721343
    ],
    [
      0.1699982750735587,
      -0.5697021646617424,
      0.7087610082166297
    ]
  ],
  "gamma": [
    0.3333333333333333,
    0.3333333333333333,
    0.3333333333333333
  ],
  "L_corr": [
    -0.11473015631466954,
    0.3449146515559978,
    -1.8146518023146356
  ],
  "hue_correction": [
    0,
    0,
    0,
    0
  ],
  "chroma_power": 1.0,
  "chroma_k": 0.0,
  "architecture": "clean_slate_v3_enriched",
  "cusps": 360
}