{
  "M1": [
    [
      -2.1909022475965365,
      1.95114320635212,
      0.8603986715350458
    ],
    [
      -1.449469376968568,
      2.6838912720752823,
      0.10568751885503767
    ],
    [
      0.12030799490345775,
      -1.0131173096217565,
      6.320112320114792
    ]
  ],
  "M2": [
    [
      0.1714999370459867,
      0.20723090860156337,
      0.3346012042699581
    ],
    [
      1.3751196183101166,
      -0.06045411831819425,
      -0.6673764566697038
    ],
    [
      0.18334928244134888,
      -0.8072062695487867,
      0.40595699160055626
    ]
  ],
  "gamma": [
    0.3333333333333333,
    0.3333333333333333,
    0.3333333333333333
  ],
  "L_corr": [
    0,
    0,
    0
  ],
  "hue_correction": [
    0,
    0,
    0,
    0
  ],
  "chroma_power": 1.0,
  "chroma_k": 0.0,
  "architecture": "clean_slate_m1",
  "cusps": 360,
  "blue_gr": 1.3436649227748472
}