{
  "M1": [
    [
      6.213663274448127,
      -0.5041794153770129,
      -0.40416891025666857
    ],
    [
      -1.1592256796157883,
      4.350194381717271,
      0.5254938968299478
    ],
    [
      0.0008170122534259527,
      0.7226718820884986,
      2.227799849833172
    ]
  ],
  "M2": [
    [
      0.22737057622665235,
      0.20839674969224095,
      0.19539471431903682
    ],
    [
      0.41310354375551217,
      -0.34607641922765364,
      -0.1116017388125733
    ],
    [
      -0.06562978646914985,
      0.4415909573162694,
      -0.39460554549689203
    ]
  ],
  "gamma": [
    0.3333333333333333,
    0.3333333333333333,
    0.3333333333333333
  ],
  "L_corr": [
    -0.8651,
    0.1824,
    0.6342
  ],
  "cross_d": -0.3,
  "cross_k": 1.09,
  "architecture": "cross_term_full",
  "hue_correction": [
    -0.0615358331976841,
    0.10718567455608077,
    -0.03342196857889532,
    0.1496134732462947
  ]
}