{
  "M1": [
    [
      6.213663274448127,
      -0.5041794153770129,
      -0.40416891025666857
    ],
    [
      -1.1592256796157883,
      4.350194381717271,
      0.5254938968299478
    ],
    [
      0.0008170122534259527,
      0.7226718820884986,
      2.227799849833172
    ]
  ],
  "M2": [
    [
      0.22737057622665235,
      0.20839674969224095,
      0.19539471431903682
    ],
    [
      0.8916737024745982,
      0.13294984841585022,
      -1.1793905511869285
    ],
    [
      -2.308541587678204,
      -0.33566526603462954,
      3.0443299530023555
    ]
  ],
  "gamma": [
    0.3333333333333333,
    0.3333333333333333,
    0.3333333333333333
  ],
  "L_corr": [
    -0.11472372416574265,
    0.3449186040556024,
    -1.8146849769717468
  ],
  "cross_d": -0.3,
  "cross_k": 1.09,
  "architecture": "cross_term_joint"
}