{
  "M1": [
    [
      6.213663274448127,
      -0.5041794153770129,
      -0.40416891025666857
    ],
    [
      -1.1592256796157883,
      4.350194381717271,
      0.5254938968299478
    ],
    [
      0.0008170122534259527,
      0.7226718820884986,
      2.227799849833172
    ]
  ],
  "M2": [
    [
      0.22737057622665235,
      0.20839674969224095,
      0.19539471431903682
    ],
    [
      0.41310354375551234,
      -0.34607641922765364,
      -0.11160173881257332
    ],
    [
      -0.06562978646914984,
      0.44159095731626946,
      -0.3946055454968921
    ]
  ],
  "gamma": [
    0.3333333333333333,
    0.3333333333333333,
    0.3333333333333333
  ],
  "L_corr": [
    -0.1147,
    0.3449,
    -1.8147
  ],
  "cross_d": -0.3,
  "cross_k": 1.09,
  "architecture": "cross_term_analytical"
}