{
  "M1": [
    [
      0.8189330101,
      0.3618667424,
      -0.1288597137
    ],
    [
      0.0329845436,
      0.9293118715,
      0.0361456387
    ],
    [
      0.0482003018,
      0.2643662691,
      0.633851707
    ]
  ],
  "M2": [
    [
      0.21129948912910682,
      0.796805140838002,
      -0.004088401098487146
    ],
    [
      1.9780006360175288,
      -2.4285841316530172,
      0.4505936684757182
    ],
    [
      0.025922304672767103,
      0.7828406527645225,
      -0.808676119456437
    ]
  ],
  "transfer": "depcubic",
  "depcubic_alpha": 0.012
}