{
  "M1": [
    [
      0.8189889647022367,
      0.36189146738896,
      -0.1288685181979693
    ],
    [
      0.03298391207546648,
      0.9292940788255503,
      0.03614494665290377
    ],
    [
      0.048184113668356454,
      0.26427748135788043,
      0.6336388271114471
    ]
  ],
  "M2": [
    [
      0.21186668013760682,
      0.7989440040850104,
      -0.004099375589489282
    ],
    [
      1.9730647652198179,
      -2.4225345573535195,
      0.4494697921337016
    ],
    [
      0.025839416721997795,
      0.7808192657970682,
      -0.806658682519066
    ]
  ],
  "transfer": "depcubic",
  "depcubic_alpha": 0.02,
  "L_corr_pw": [
    -0.03992052603469322,
    -0.07320089377004094,
    -0.0932009449066961,
    -0.09580259286840677,
    -0.09365845430340855,
    -0.0901050493242268,
    -0.08558826098605565,
    -0.08039871328368109,
    -0.07472655946607976,
    -0.06869895771121953,
    -0.06240318700312658,
    -0.05590071853216172,
    -0.04923589666598793,
    -0.04244141350606956,
    -0.0355418459532858,
    -0.028555996285866914,
    -0.02149847643772529,
    -0.014380803120415342,
    -0.00721216958981219
  ],
  "L_corr_pw_step": 0.05
}