{
  "M1": [
    [
      0.8189330101,
      0.3618667424,
      -0.1288597137
    ],
    [
      0.0329845436,
      0.9293118715,
      0.0361456387
    ],
    [
      0.0482003018,
      0.2643662691,
      0.633851707
    ]
  ],
  "M2": [
    [
      0.21151184615019192,
      0.7976059339056571,
      -0.004092509961607705
    ],
    [
      1.9760399658333767,
      -2.5016491936729137,
      0.5256113623854688
    ],
    [
      0.060676508830631755,
      0.6977097388602032,
      -0.7583035848156838
    ]
  ],
  "transfer": "depcubic",
  "depcubic_alpha": 0.015
}