{
  "M1": [
    [
      0.8189889647022367,
      0.36189146738896,
      -0.1288685181979693
    ],
    [
      0.03298391207546648,
      0.9292940788255503,
      0.03614494665290377
    ],
    [
      0.048184113668356454,
      0.26427748135788043,
      0.6336388271114471
    ]
  ],
  "M2": [
    [
      0.21151180684512283,
      0.797605785687215,
      -0.004092509201100009
    ],
    [
      1.9779984951,
      -2.428592205,
      0.4505937099
    ],
    [
      0.025904029250056238,
      0.7827717365980564,
      -0.8086757658481126
    ]
  ],
  "transfer": "depcubic",
  "depcubic_alpha": 0.015
}