{
  "M1": [
    [
      0.8154372128589331,
      0.360322033926762,
      -0.12432672231085137
    ],
    [
      0.032983910083102565,
      0.9292940226923669,
      0.03614494446960037
    ],
    [
      0.048184112840648004,
      0.2642774768181123,
      0.6336388162267764
    ]
  ],
  "M2": [
    [
      0.21186668013760682,
      0.7989440040850104,
      -0.004099375589489282
    ],
    [
      2.1978213332105474,
      -2.1409315758523935,
      -0.05688975735815416
    ],
    [
      -1.1267837071144262,
      2.506840907756166,
      -1.3800572006417402
    ]
  ],
  "transfer": "depcubic",
  "depcubic_alpha": 0.02,
  "L_corr_pw": [
    -0.040505986477810375,
    -0.07435430161969014,
    -0.09474033834131092,
    -0.09425098468772593,
    -0.08944146679273975,
    -0.0859403510700625,
    -0.08213769491188778,
    -0.07795647538955015,
    -0.07609479014797572,
    -0.06979002219081165,
    -0.06645348378711273,
    -0.06001753295886477,
    -0.054328991866965846,
    -0.045783833354952314,
    -0.03846197834800118,
    -0.029723758728833132,
    -0.020668653228716388,
    -0.010593613802940943,
    -0.003717042652527224
  ],
  "L_corr_pw_step": 0.05,
  "enrichment": {
    "type": "L_gated_hue",
    "amp": 0.055,
    "center_deg": 240,
    "sigma": 0.7,
    "L_lo": 0.37,
    "L_hi": 1.0
  },
  "enrichment_gr": 1.5240031403836274,
  "enrichment_rt": 8.326672684688674e-15
}