{
  "M1": [
    [
      0.8189330101,
      0.3618667424,
      -0.1288597137
    ],
    [
      0.0329845436,
      0.9293118715,
      0.0361456387
    ],
    [
      0.0482003018,
      0.2643662691,
      0.633851707
    ]
  ],
  "M2": [
    [
      0.21151184615019192,
      0.7976059339056571,
      -0.004092509961607705
    ],
    [
      3.9688542858710343,
      -4.942075103391726,
      0.9732338984140257
    ],
    [
      0.25432078662124274,
      0.9741483034414906,
      -1.228330594308437
    ]
  ],
  "transfer": "depcubic",
  "depcubic_alpha": 0.015,
  "gamma": [
    0.3333333333333333,
    0.3333333333333333,
    0.3333333333333333
  ],
  "_opt_params": {
    "theta_deg": 3.0758809907169926,
    "s1": 0.698386645716526,
    "s2": 0.4582658167888506,
    "score": -14.446034683690126
  }
}