{
  "M1": [
    [
      0.8189889647022367,
      0.36189146738896,
      -0.1288685181979693
    ],
    [
      0.03298391207546648,
      0.9292940788255503,
      0.03614494665290377
    ],
    [
      0.048184113668356454,
      0.26427748135788043,
      0.6336388271114471
    ]
  ],
  "M2": [
    [
      0.21186668013760682,
      0.7989440040850104,
      -0.004099375589489282
    ],
    [
      2.1978213332105474,
      -2.1409315758523935,
      -0.05688975735815416
    ],
    [
      -1.1267837071144262,
      2.506840907756166,
      -1.3800572006417402
    ]
  ],
  "transfer": "depcubic",
  "depcubic_alpha": 0.02,
  "L_corr_pw": [
    -0.019744570813533528,
    -0.03995213765241559,
    -0.058362954452221415,
    -0.07356129321385464,
    -0.08541601261184316,
    -0.09364959891291194,
    -0.09638753412306897,
    -0.09578833628330088,
    -0.0950036081744989,
    -0.09370160308796004,
    -0.09206151971262141,
    -0.09013449824566085,
    -0.08796774994297116,
    -0.08560470971400862,
    -0.0830768357069899,
    -0.08040950989346471,
    -0.07762452937807401,
    -0.07473670670242379,
    -0.07176257954341123,
    -0.06871038818906547,
    -0.06559233273635534,
    -0.062415139284040994,
    -0.05918543523277626,
    -0.055910414027457195,
    -0.05259322079148325,
    -0.04924039421387746,
    -0.04585393254475188,
    -0.04243868839647685,
    -0.03899684243279574,
    -0.03553147435890985,
    -0.03204487223320633,
    -0.028539488963284884,
    -0.025016331515091056,
    -0.021478687941158283,
    -0.017926256421176796,
    -0.014362226499887592,
    -0.010786367943088451,
    -0.007200548764881498,
    -0.003605433554659574
  ],
  "L_corr_pw_step": 0.025
}