{
  "M1": [
    [
      0.8189330101,
      0.3618667424,
      -0.1288597137
    ],
    [
      0.0329845436,
      0.9293118715,
      0.0361456387
    ],
    [
      0.0482003018,
      0.2643662691,
      0.633851707
    ]
  ],
  "M2": [
    [
      0.21151184615019192,
      0.7976059339056571,
      -0.004092509961607705
    ],
    [
      1.282659891464526,
      -1.6369727431624934,
      0.3543128363237591
    ],
    [
      -0.0013563774698222286,
      0.0015195252304534002,
      -0.00016317030227521942
    ]
  ],
  "transfer": "depcubic",
  "depcubic_alpha": 0.015
}