{
  "M1": [
    [
      0.8189330101,
      0.3618667424,
      -0.1288597137
    ],
    [
      0.0329845436,
      0.9293118715,
      0.0361456387
    ],
    [
      0.0482003018,
      0.2643662691,
      0.633851707
    ]
  ],
  "M2": [
    [
      0.21151184615019192,
      0.7976059339056571,
      -0.004092509961607705
    ],
    [
      1.978000640304859,
      -2.428584115485602,
      0.4505936683927633
    ],
    [
      0.025922341256570523,
      0.7828407907211392,
      -0.8086761201642914
    ]
  ],
  "transfer": "depcubic",
  "depcubic_alpha": 0.015,
  "gamma": [
    0.3333333333333333,
    0.3333333333333333,
    0.3333333333333333
  ]
}