{
  "M1": [
    [
      1.3788865193817879,
      -0.027803690101911076,
      -0.2597160070671242
    ],
    [
      -0.21233554806902072,
      1.233968237134202,
      -0.02952680286274245
    ],
    [
      0.020993014315297723,
      0.45214783836505257,
      0.48483136147854705
    ]
  ],
  "M2": [
    [
      0.14896718471889545,
      0.2856442280256273,
      0.5653885872554774
    ],
    [
      1.0424567138505738,
      -0.7027325447611431,
      -0.33972416908943137
    ],
    [
      -0.16412438862816206,
      1.045859271572819,
      -0.8817348829446567
    ]
  ],
  "M1_inv": [
    [
      0.7012606933099151,
      -0.11918570360869954,
      0.36839501029878435
    ],
    [
      0.11732499052811894,
      0.7727637589367672,
      0.1099112505351139
    ],
    [
      -0.13978018340279866,
      -0.7155093988354244,
      1.944119582238223
    ]
  ],
  "M2_inv": [
    [
      1.0000000000000004,
      0.864863696870021,
      0.3079990275010381
    ],
    [
      0.9999999999999997,
      -0.03954705159295645,
      0.6564599946015314
    ],
    [
      0.9999999999999998,
      -0.20789228101668722,
      -0.4128059208686973
    ]
  ],
  "gamma": [
    0.550728464067669,
    0.550728464067669,
    0.550728464067669
  ],
  "power": 0.550728464067669,
  "c1": 0.5,
  "k": -0.6802839208777887,
  "cp": 0.6031961381539773,
  "architecture": "E_PowerEnriched",
  "metrics": {
    "cv": 0.1681910346922825,
    "hue_rms": 3.428833095315425,
    "cusp_L_85": 0.80561797752809,
    "cusp_C_85": 0.3797118644067797,
    "cliff_85": 0.0,
    "cusp_L_80": 0.847752808988764,
    "cusp_L_90": 0.8224719101123596,
    "gamut_min_C": 0.35,
    "ach_err": 0.0,
    "drift_mean": 8.389368387435537,
    "drift_max": 36.26073975664162,
    "bw": 1.1941905377317974,
    "rw_gb": 0.017579227853192214,
    "plr": 0.4263476382479394,
    "cond1": 3.155808300080284,
    "cond2": 2.8243495730213435,
    "yL": 0.892579856849002,
    "yC": 0.38092327381796853,
    "loss": 0.9603803117581127
  }
}