{
  "version": "v29-cw10.0",
  "M1": [
    [
      0.8434269329048455,
      0.284801401146069,
      -0.07940027191034188
    ],
    [
      0.18215859085275252,
      0.7492390950607379,
      0.07129178025168889
    ],
    [
      0.42198377479795235,
      0.32444622514903815,
      0.2520787050492291
    ]
  ],
  "M2": [
    [
      -0.35462286892916206,
      0.27270935491825926,
      1.0819135140109029
    ],
    [
      2.5048201864679283,
      -2.202018739187813,
      -0.3028014472801164
    ],
    [
      0.14819586560484055,
      1.970572753492926,
      -2.1187686190977666
    ]
  ],
  "M1_inv": [
    [
      1.064542069143767,
      -0.6265943698578874,
      0.5125223007141204
    ],
    [
      -0.10170523433330428,
      1.580821469237994,
      -0.4791162349046897
    ],
    [
      -1.6511573293344461,
      -0.9857195228788636,
      3.7257068522133094
    ]
  ],
  "M2_inv": [
    [
      1.0000000000000007,
      0.5149492928776424,
      0.43703975719915694
    ],
    [
      1.0000000000000002,
      0.11231460287257466,
      0.4945818435599751
    ],
    [
      1.0000000000000002,
      0.14047661918242843,
      0.018584846905186737
    ]
  ]
}