{
  "version": "v29-cw1.0",
  "M1": [
    [
      1.065280917350642,
      0.18432994000640224,
      -0.1807880876910691
    ],
    [
      -0.04420037498507256,
      1.0513843854701101,
      -0.00860855694465464
    ],
    [
      0.19344320051995223,
      0.5450721942732099,
      0.248951486392358
    ]
  ],
  "M2": [
    [
      -0.05103358305322001,
      -0.1785354767125472,
      1.2295690597657671
    ],
    [
      1.252821253166122,
      -0.7383690466032756,
      -0.5144522065628471
    ],
    [
      -0.01990941825124572,
      1.2670510373566723,
      -1.2471416191054265
    ]
  ],
  "M1_inv": [
    [
      0.8155985518772139,
      -0.44212624582621,
      0.576997693948996
    ],
    [
      0.0285864255027068,
      0.9188799823371012,
      0.05253359216019215
    ],
    [
      -0.6963351068992695,
      -1.6683154547032588,
      3.453480561602528
    ]
  ],
  "M2_inv": [
    [
      1.0000000000000004,
      0.8490353804576906,
      0.6356783565671102
    ],
    [
      0.9999999999999999,
      0.05603534314696684,
      0.962794870641551
    ],
    [
      1.0,
      0.043375859112268766,
      0.16618341506601683
    ]
  ]
}