{
  "version": "v30c-v14",
  "M1": [
    [
      0.8237130498109061,
      0.4165117880171391,
      -0.1831565354287731
    ],
    [
      -0.033856790278550965,
      1.1105085851638066,
      -0.07193843089164717
    ],
    [
      0.06959665344493879,
      -0.12341667253004401,
      0.9710121335104958
    ]
  ],
  "M2": [
    [
      0.09097688016881589,
      0.8447461563277276,
      0.06427696350345652
    ],
    [
      2.5728460036187775,
      -2.352271476956772,
      -0.22057452666200716
    ],
    [
      -0.8658584224912457,
      1.3286761365559336,
      -0.46281771406468747
    ]
  ],
  "M1_inv": [
    [
      1.1805149216773916,
      -0.4214921092924586,
      0.191447187615067
    ],
    [
      0.03076322776017137,
      0.8969803668599856,
      0.07225640537984303
    ],
    [
      -0.08070258854625241,
      0.1442173250261732,
      1.025315263520079
    ]
  ],
  "M2_inv": [
    [
      1.0000000000000007,
      0.3447573513639604,
      -0.025426265523733917
    ],
    [
      1.0,
      0.009805744428443921,
      0.13420848895792756
    ],
    [
      1.0,
      -0.6168355036884297,
      -1.7278181299914097
    ]
  ]
}