{
  "version": "v31d-chroma",
  "M1": [
    [
      0.7583761294836658,
      0.38380162590825084,
      -0.09608055040602373
    ],
    [
      0.12671393631532843,
      0.8421628149123207,
      0.03434823621506485
    ],
    [
      0.07639223722200054,
      0.258943526275451,
      0.6139139663787314
    ]
  ],
  "M2": [
    [
      0.1005807058959623,
      1.0155897099394144,
      -0.11617041583537688
    ],
    [
      2.361576469961644,
      -2.440997375062935,
      0.0794209051012907
    ],
    [
      0.04565327074453784,
      0.8187548844542447,
      -0.8644081551987827
    ]
  ],
  "M1_inv": [
    [
      1.4133073795748363,
      -0.7245661027731647,
      0.26172872319832857
    ],
    [
      -0.20907372745004327,
      1.3153903462455019,
      -0.10631661879545863
    ],
    [
      -0.08767910052303854,
      -0.46465890124976844,
      1.641168001772807
    ]
  ],
  "M2_inv": [
    [
      1.0,
      0.38277363185391833,
      -0.09922417671418937
    ],
    [
      1.0,
      -0.03992154082498714,
      -0.13806096115936267
    ],
    [
      1.0,
      -0.017597113360184314,
      -1.2928707206014414
    ]
  ],
  "enrichment": {
    "type": "hue_LC_correction",
    "amp_L": 0.4819642024049703,
    "h_center": 1.4707404486740936,
    "h_width": 1.3128470396510632,
    "L_knee": 0.5996894998644406,
    "amp_C": 0.00039504742506649333,
    "C_knee": 0.9779261449824705
  }
}