{
  "version": "v29-cw3.0",
  "M1": [
    [
      1.106053785021183,
      0.13544863078937266,
      -0.17148643207705186
    ],
    [
      0.048242378650175465,
      0.9483616012387072,
      0.005313469619371787
    ],
    [
      0.27055369024229603,
      0.47126581800792927,
      0.24942462645911262
    ]
  ],
  "M2": [
    [
      0.5406935689280002,
      -0.225959963332754,
      0.6852663944047538
    ],
    [
      1.3607991619163502,
      -0.8563459618384245,
      -0.5044532000779264
    ],
    [
      -0.024726784580526802,
      1.4136378757717978,
      -1.3889110911912708
    ]
  ],
  "M1_inv": [
    [
      0.7866168450189123,
      -0.3851733177866313,
      0.5490264727677189
    ],
    [
      -0.03561094049161911,
      1.0831691125469376,
      -0.04755817205531853
    ],
    [
      -0.7859683865576146,
      -1.6287506214704472,
      3.503549008028062
    ]
  ],
  "M2_inv": [
    [
      1.0000000000000002,
      0.34422042133107456,
      0.36836288843607784
    ],
    [
      0.9999999999999997,
      -0.38582385005328135,
      0.6335153314067274
    ],
    [
      0.9999999999999998,
      -0.39882082843962696,
      -0.08175265008054428
    ]
  ]
}