{
  "M1": [
    [
      1.206672133804338,
      0.06625888355020189,
      -0.19577394686701416
    ],
    [
      -0.15022286080769945,
      1.0892505651435342,
      0.0491644768865294
    ],
    [
      0.09021092578466948,
      0.4402582316326556,
      0.4353287379451242
    ]
  ],
  "gamma": [
    0.3481532027594749,
    0.3481532027594749,
    0.3481532027594749
  ],
  "M2": [
    [
      0.8021830691074546,
      0.25425322224463914,
      -0.05643629135209375
    ],
    [
      1.7547830601282974,
      -1.3111110395601215,
      -0.44367202056817684
    ],
    [
      -0.1794272787796403,
      1.8585481389002483,
      -1.679120860120608
    ]
  ],
  "hue_cos1": 0.0,
  "hue_sin1": 0.0,
  "hue_cos2": 0.0,
  "hue_sin2": 0.0,
  "hue_cos3": 0.0,
  "hue_sin3": 0.0,
  "hue_cos4": 0.0,
  "hue_sin4": 0.0,
  "L_corr_p1": -0.5,
  "L_corr_p2": 0.0,
  "L_corr_p3": 0.0,
  "lp_dark": 0.0,
  "lp_dark_hcos": 0.0,
  "lp_dark_hsin": 0.0,
  "lc1": -0.4775245956555609,
  "lc2": 0.0,
  "chroma_power": 0.5947986741708459,
  "hue_L_amp": 0.0,
  "hue_L_center": 0.0,
  "hue_L_width": 1.0,
  "hue_L_knee": 1.0
}