{
  "M1": [
    [
      0.828814640905288,
      0.3691745361800658,
      -0.14413451863129678
    ],
    [
      0.3409390875489977,
      0.6947005540887397,
      -0.01722300876301674
    ],
    [
      0.06455512900721876,
      0.23937542942871182,
      0.6422185805899884
    ]
  ],
  "gamma": [
    0.4755792073075341,
    0.4755792073075341,
    0.4755792073075341
  ],
  "M2": [
    [
      -0.19173760110036742,
      1.0056326069878165,
      0.1861049941125509
    ],
    [
      1.9533998373567136,
      -2.1114558264295002,
      0.15805598907278529
    ],
    [
      -1.2260538881149576,
      1.9396572086823523,
      -0.713603320567394
    ]
  ],
  "hue_cos1": 0.0,
  "hue_sin1": 0.0,
  "hue_cos2": 0.0,
  "hue_sin2": 0.0,
  "hue_cos3": 0.0,
  "hue_sin3": 0.0,
  "hue_cos4": 0.0,
  "hue_sin4": 0.0,
  "L_corr_p1": 0.2753318949856208,
  "L_corr_p2": 0.0,
  "L_corr_p3": 0.0,
  "lp_dark": 0.0,
  "lp_dark_hcos": 0.0,
  "lp_dark_hsin": 0.0,
  "lc1": -0.32494991092019787,
  "lc2": 0.0,
  "chroma_power": 0.8400879222921329,
  "hue_L_amp": 0.0,
  "hue_L_center": 0.0,
  "hue_L_width": 1.0,
  "hue_L_knee": 1.0
}