{
  "M1": [
    [
      0.4561126080517696,
      0.6079974960736932,
      -0.038131615264695856
    ],
    [
      -0.07985551171037104,
      0.993390250957974,
      0.07577860387515269
    ],
    [
      0.36075326693192916,
      0.05382708134654231,
      0.5540697455366466
    ]
  ],
  "gamma": [
    0.5582729973114973,
    0.5582729973114973,
    0.5582729973114973
  ],
  "M2": [
    [
      0.048093237846146046,
      0.6212018123769961,
      0.3307049497768578
    ],
    [
      0.7069446295897364,
      -0.6645343301881628,
      -0.04241029940157359
    ],
    [
      0.002287853189590296,
      0.20490823315998719,
      -0.20719608634957748
    ]
  ],
  "hue_cos1": 0.0,
  "hue_sin1": 0.0,
  "hue_cos2": 0.0,
  "hue_sin2": 0.0,
  "hue_cos3": 0.0,
  "hue_sin3": 0.0,
  "hue_cos4": 0.0,
  "hue_sin4": 0.0,
  "L_corr_p1": 0.3088425241155964,
  "L_corr_p2": 0.0,
  "L_corr_p3": 0.0,
  "lp_dark": 0.0,
  "lp_dark_hcos": 0.0,
  "lp_dark_hsin": 0.0,
  "lc1": -0.4253223733399761,
  "lc2": 0.0,
  "chroma_power": 0.7453986398047111,
  "hue_L_amp": 0.0,
  "hue_L_center": 0.0,
  "hue_L_width": 1.0,
  "hue_L_knee": 1.0
}