{
  "version": "v24-gpu",
  "M1": [
    [
      1.1140479229800906,
      0.1230676362695088,
      -0.16709382146376883
    ],
    [
      -0.03448096721679746,
      0.979057786052872,
      0.04933308125022036
    ],
    [
      0.2471560947640938,
      0.4181225255419619,
      0.31865674262062016
    ]
  ],
  "M2": [
    [
      1.996532013984433,
      -1.4745269476571898,
      0.4779949336727568
    ],
    [
      1.2391750571886186,
      -0.8977226135865188,
      -0.3414524436021005
    ],
    [
      0.02335052147813286,
      1.248132457535221,
      -1.271482979013354
    ]
  ],
  "M1_inv": [
    [
      0.7868537755793851,
      -0.2945934671216257,
      0.4582096915422405
    ],
    [
      0.06260282552225678,
      1.0702638726327198,
      -0.13286669815497668
    ],
    [
      -0.6924421432962142,
      -1.1758447646934302,
      2.9571169079896444
    ]
  ],
  "M2_inv": [
    [
      0.9999999999999994,
      -0.8154000663597627,
      0.5949079077972212
    ],
    [
      0.999999999999999,
      -1.6264929925169251,
      0.8127241634577166
    ],
    [
      0.999999999999999,
      -1.6115974389738557,
      0.022240814686493256
    ]
  ],
  "metrics": {
    "cv": 0.2518722370650277,
    "mono": 0.0908552456127946,
    "hue": 9.837660469733297,
    "yellow_L": 0.9523913273221696,
    "yellow_C": 0.1511231128797396,
    "blue_white_gr": 1.2000815269515441,
    "prim_L_range": 0.6457014422437108,
    "cond_M1": 3.9969072100638985,
    "cond_M2": 9.441544194497032
  }
}