{
  "M1": [
    [
      1.3788865193817879,
      -0.027803690101911076,
      -0.2597160070671242
    ],
    [
      -0.21233554806902072,
      1.233968237134202,
      -0.02952680286274245
    ],
    [
      0.020993014315297723,
      0.45214783836505257,
      0.48483136147854705
    ]
  ],
  "gamma": [
    0.550728464067669,
    0.550728464067669,
    0.550728464067669
  ],
  "M2": [
    [
      0.14896718471889545,
      0.2856442280256273,
      0.5653885872554774
    ],
    [
      1.0424567138505738,
      -0.7027325447611431,
      -0.33972416908943137
    ],
    [
      -0.16412438862816206,
      1.045859271572819,
      -0.8817348829446567
    ]
  ],
  "hue_cos1": 0,
  "hue_sin1": 0,
  "hue_cos2": 0,
  "hue_sin2": 0,
  "hue_cos3": 0,
  "hue_sin3": 0,
  "hue_cos4": 0,
  "hue_sin4": 0,
  "L_corr_p1": 0.5,
  "L_corr_p2": 0,
  "L_corr_p3": 0,
  "lp_dark": 0,
  "lp_dark_hcos": 0,
  "lp_dark_hsin": 0,
  "lc1": -0.6802839208777887,
  "lc2": 0,
  "chroma_power": 0.6031961381539773,
  "hue_L_amp": 0,
  "hue_L_center": 0,
  "hue_L_width": 1,
  "hue_L_knee": 1
}