{
  "version": "v26-native",
  "strategy": "rotation",
  "M1": [
    [
      0.7583761294836658,
      0.38380162590825084,
      -0.09608055040602373
    ],
    [
      0.12671393631532843,
      0.8421628149123207,
      0.03434823621506485
    ],
    [
      0.07639223722200054,
      0.258943526275451,
      0.6139139663787314
    ]
  ],
  "M2": [
    [
      0.1005807058959623,
      1.0155897099394144,
      -0.11617041583537688
    ],
    [
      1.6376049988736596,
      -2.3049929276927683,
      0.6673879288191088
    ],
    [
      1.7021684735272757,
      -1.1470986658383588,
      -0.555069807688917
    ]
  ],
  "M1_inv": [
    [
      1.4133073795748363,
      -0.7245661027731647,
      0.26172872319832857
    ],
    [
      -0.20907372745004327,
      1.3153903462455019,
      -0.10631661879545863
    ],
    [
      -0.08767910052303854,
      -0.46465890124976844,
      1.641168001772807
    ]
  ],
  "M2_inv": [
    [
      1.0000000000000002,
      0.3408239189555645,
      0.20049974253105304
    ],
    [
      1.0000000000000002,
      0.06939504962015397,
      -0.12585263408568198
    ],
    [
      1.0,
      0.9017546155485227,
      -0.9266406919211122
    ]
  ],
  "metrics": {
    "cv": 0.2273169865259867,
    "mono": 0.0,
    "yL_cusp": 0.7305959595959596,
    "yC_cusp": 0.2378989898989899,
    "yL_prim": 0.9882054323493662,
    "yC_prim": 0.20262973554608563,
    "bwgr": 1.2776922363624383,
    "c1": 2.279751047961146,
    "c2": 7.0739006384172765
  }
}