{
  "M1": [
    [
      1.4606082343251456,
      -0.0940557814036829,
      -0.2702061176449384
    ],
    [
      -0.27065071532088086,
      1.2537615192883957,
      0.003199641911631708
    ],
    [
      -0.06244802918138523,
      0.4520112124974859,
      0.5577948493323525
    ]
  ],
  "gamma": [
    0.6078483022906765,
    0.6078483022906765,
    0.6078483022906765
  ],
  "M2": [
    [
      0.18504499962493703,
      0.6132938080272341,
      0.20166119234782892
    ],
    [
      0.911801360351148,
      -0.6405634658383302,
      -0.2712378945128182
    ],
    [
      -0.16233778562818368,
      0.9478576771805399,
      -0.7855198915523561
    ]
  ],
  "hue_cos1": 0.0,
  "hue_sin1": 0.0,
  "hue_cos2": 0.0,
  "hue_sin2": 0.0,
  "hue_cos3": 0.0,
  "hue_sin3": 0.0,
  "hue_cos4": 0.0,
  "hue_sin4": 0.0,
  "L_corr_p1": 0.5,
  "L_corr_p2": 0.0,
  "L_corr_p3": 0.0,
  "lp_dark": 0.0,
  "lp_dark_hcos": 0.0,
  "lp_dark_hsin": 0.0,
  "lc1": -0.6727996439097592,
  "lc2": 0.0,
  "chroma_power": 0.5996818810335852,
  "hue_L_amp": 0.0,
  "hue_L_center": 0.0,
  "hue_L_width": 1.0,
  "hue_L_knee": 1.0
}