{
  "M1": [
    [
      0.916918033638612,
      0.21730433760501952,
      -0.08156224666615645
    ],
    [
      -0.11768929133947345,
      1.0088568358032475,
      0.09459998800196709
    ],
    [
      0.4750751704199471,
      0.1507130444908623,
      0.36529325815792235
    ]
  ],
  "gamma": [
    0.3380483022282862,
    0.3380483022282862,
    0.3380483022282862
  ],
  "M2": [
    [
      0.39792218453455885,
      0.30616603192488623,
      0.29591178354055486
    ],
    [
      0.4034820323786313,
      -0.2721710010724006,
      -0.1313110313062309
    ],
    [
      0.15230013763013128,
      0.23154138768664895,
      -0.38384152531678034
    ]
  ],
  "hue_cos1": 0.0,
  "hue_sin1": 0.0,
  "hue_cos2": 0.0,
  "hue_sin2": 0.0,
  "hue_cos3": 0.0,
  "hue_sin3": 0.0,
  "hue_cos4": 0.0,
  "hue_sin4": 0.0,
  "L_corr_p1": 0.5,
  "L_corr_p2": 0.0,
  "L_corr_p3": 0.0,
  "lp_dark": 0.0,
  "lp_dark_hcos": 0.0,
  "lp_dark_hsin": 0.0,
  "lc1": 0.8674623658310764,
  "lc2": 0.0,
  "chroma_power": 0.7477807271012755,
  "hue_L_amp": 0.0,
  "hue_L_center": 0.0,
  "hue_L_width": 1.0,
  "hue_L_knee": 1.0
}