{
  "version": "v30b-OKLab",
  "M1": [
    [
      0.901515808748647,
      0.348621972496318,
      -0.18872156648663665
    ],
    [
      -0.3390195053716298,
      1.3230622491356008,
      -0.0007663086662085714
    ],
    [
      0.05031439441686369,
      -0.12106899737482966,
      0.9856880090679292
    ]
  ],
  "M2": [
    [
      0.24820489042509558,
      0.935633733649865,
      -0.18383862407496057
    ],
    [
      2.19217935400144,
      -2.00167795582962,
      -0.19050139817182155
    ],
    [
      -0.5794668370552968,
      1.377512186759133,
      -0.7980453497038358
    ]
  ],
  "M1_inv": [
    [
      1.0054938695268085,
      -0.2473452061270843,
      0.19232133660027576
    ],
    [
      0.25763485647341006,
      0.6924995454407245,
      0.049865598085865666
    ],
    [
      -0.019680894151700615,
      0.09768329230085707,
      1.0108276018508435
    ]
  ],
  "M2_inv": [
    [
      1.0000000000000004,
      0.2653110700378282,
      -0.2936935275101979
    ],
    [
      0.9999999999999999,
      -0.1637806854811288,
      -0.19126503845165194
    ],
    [
      1.0,
      -0.47534749364478734,
      -1.3699525500949143
    ]
  ]
}