{
  "version": "v24",
  "M1": [
    [
      0.439979837127953,
      0.2944727848305729,
      0.26389755919144553
    ],
    [
      -0.10241505515553088,
      0.7335358159105246,
      0.3341261919336838
    ],
    [
      0.02962211963097945,
      0.4677105397726905,
      0.4630057255785132
    ]
  ],
  "M2": [
    [
      0.17435759476456147,
      0.7788463355288424,
      0.04679606970659605
    ],
    [
      2.463786709058318,
      -1.2240300624284197,
      -1.2397566466298997
    ],
    [
      0.007049997907380026,
      2.1532907782580786,
      -2.1603407761654587
    ]
  ],
  "M1_inv": [
    [
      2.3158032176982823,
      -0.16311573920263192,
      -1.2022174784956503
    ],
    [
      0.7239062327744095,
      2.474171607521359,
      -2.1980778402957686
    ],
    [
      -0.8794223318155346,
      -2.4888770061404233,
      4.457129337955958
    ]
  ],
  "M2_inv": [
    [
      1.0000000000000004,
      0.3356002598836072,
      -0.17092978439737874
    ],
    [
      1.0,
      -0.07094662138446828,
      0.06237562916490771
    ],
    [
      1.0,
      -0.0696199072411195,
      -0.40127566776394286
    ]
  ],
  "cv": 0.2231389817491706,
  "mono_penalty": 0.0,
  "hue_penalty": 0.0028821411699090547
}