{
  "version": "v30b-v14",
  "M1": [
    [
      0.7301759342915829,
      0.48041280982470586,
      -0.16019317073448264
    ],
    [
      -0.2459014869775876,
      1.2431465935148829,
      -0.008655719613984928
    ],
    [
      0.04921654972809893,
      -0.11078290221227957,
      0.9771994234106457
    ]
  ],
  "M2": [
    [
      0.45468559374715767,
      0.5801349407592488,
      -0.03482053450640659
    ],
    [
      2.5932341733128186,
      -2.4158790921945275,
      -0.17735508111829246
    ],
    [
      -0.7615088930317151,
      1.518471811712291,
      -0.7569629186805754
    ]
  ],
  "M1_inv": [
    [
      1.2054145113601509,
      -0.44857584327268557,
      0.19363133191253484
    ],
    [
      0.23820317929559914,
      0.7164022994404174,
      0.04539452126398334
    ],
    [
      -0.033706020422946195,
      0.10380939524785736,
      1.0187266251750888
    ]
  ],
  "M2_inv": [
    [
      1.0000000000000004,
      0.18410836550640003,
      -0.08913658376153936
    ],
    [
      0.9999999999999998,
      -0.17668698165612062,
      -0.004602868193744809
    ],
    [
      1.0,
      -0.5396491012638099,
      -1.2406301566439581
    ]
  ]
}