{
  "version": "v24-D",
  "M1": [
    [
      0.7179391745092907,
      0.1458795873942865,
      0.15772964136721798
    ],
    [
      0.12268219190203926,
      0.6321009533291503,
      0.23079204626408026
    ],
    [
      0.26990401343766773,
      0.32641635696033605,
      0.38302395726381894
    ]
  ],
  "M2": [
    [
      1.162529930393053,
      0.610517921041032,
      -0.7730478514340848
    ],
    [
      1.7845728930914417,
      -0.9068492496551566,
      -0.8777236434362863
    ],
    [
      -0.019767719663183136,
      1.483198614683902,
      -1.4634308950207189
    ]
  ],
  "M1_inv": [
    [
      1.6451590284601711,
      -0.043303648717385006,
      -0.6513853797427861
    ],
    [
      0.1509416434186013,
      2.2926708380486374,
      -1.4436124814672386
    ],
    [
      -1.287921647008472,
      -1.9233194689498538,
      4.300071115958326
    ]
  ],
  "M2_inv": [
    [
      0.9999999999999999,
      -0.09628663287510508,
      -0.47049355016041766
    ],
    [
      0.9999999999999993,
      -0.6529465394579514,
      -0.13662499304356
    ],
    [
      0.9999999999999993,
      -0.6604657855108426,
      -0.8154409066193754
    ]
  ]
}