{
  "version": "v28-final",
  "M1": [
    [
      0.4960378707881415,
      0.5277144059900223,
      0.0007498681722334061
    ],
    [
      0.029843925322321885,
      0.6993500972419935,
      0.25007039396131553
    ],
    [
      0.5399529148032723,
      0.16376156243794734,
      0.29667568916082987
    ]
  ],
  "M2": [
    [
      -0.35083615194438106,
      0.9401313610635017,
      0.41070479088087936
    ],
    [
      1.8378465610409658,
      -2.9995417842785472,
      1.1616952232375808
    ],
    [
      1.172632964499454,
      0.5628283263222282,
      -1.7354612908216829
    ]
  ],
  "M1_inv": [
    [
      1.1183316916696628,
      -1.0505647804313698,
      0.8827030887617072
    ],
    [
      0.8473183751627517,
      0.9855597557195087,
      -0.8328781308822603
    ],
    [
      -2.5030855737908912,
      1.3680214616134954,
      2.2238941121773954
    ]
  ],
  "M2_inv": [
    [
      1.000000000000001,
      0.4092308167342183,
      0.5105883263250965
    ],
    [
      1.0000000000000004,
      0.02795770457726963,
      0.25536906244169155
    ],
    [
      1.0,
      0.28557994147593974,
      -0.14839763734062764
    ]
  ]
}