{
  "architecture": "H_NakaRushtonCp",
  "n_params": 19,
  "timestamp": "2026-03-19T13:33:57.969773",
  "seed": "ok_nr42",
  "phase": "final",
  "metrics": {
    "cv": 0.30925740641943866,
    "hue_rms": 22.978809914431718,
    "cusp_L_85": 0.751030303030303,
    "cusp_C_85": 0.3610379746835443,
    "cliff_85": 0.0,
    "cusp_L_80": 0.8596969696969697,
    "cusp_L_90": 0.8004242424242424,
    "gamut_min_C": 0.1352307692307692,
    "ach_err": 1.323875684813302e-07,
    "drift_mean": 7.999998147271094,
    "drift_max": 40.91319423740601,
    "bw": 1.3880922894910586,
    "rw_gb": 0.07837153421206816,
    "plr": 0.40859704039164724,
    "cond1": 1.7557003309707946,
    "cond2": 4.029316464717722,
    "yL": 0.9326849478380631,
    "yC": 0.42511226337116587,
    "mono_fails": 0,
    "wg_rt": 1.3322676295501878e-15,
    "loss": 12.748404937034879
  },
  "x": [
    0.7459226180174301,
    0.43121014808902364,
    5.574441376292334e-05,
    0.999646947974913,
    0.11502496513768137,
    -0.022605012132100526,
    3.621904245274912,
    3.6245269554574366,
    1.747028523383475,
    5.910740750397692,
    -2.178046258065614,
    0.9060934323281759,
    2.4384823223236967,
    0.4514998828778407,
    -1.3351069282644688,
    -0.6740560941732539,
    5.476295680290506,
    3.455334829182037,
    -1.1298623030791495
  ]
}