{
  "M1": [
    [
      0.7459226180174301,
      0.43121014808902364,
      -0.12875032726509225
    ],
    [
      5.574441376292334e-05,
      0.999646947974913,
      0.0002755881378522981
    ],
    [
      0.11502496513768137,
      -0.022605012132100526,
      0.8387693519811987
    ]
  ],
  "M2": [
    [
      1.117748840007935,
      1.1185582295074,
      0.5391470820964336
    ],
    [
      4.826099613449898,
      -3.9531610855411294,
      -0.8729385279087667
    ],
    [
      0.7398221894970237,
      1.3543562911700944,
      -2.0941784806671184
    ]
  ],
  "M1_inv": [
    [
      1.3096356275851986,
      -0.5603776159281747,
      0.20121198834297607
    ],
    [
      -2.351808650081878e-05,
      1.0003558074755292,
      -0.00033228938902835563
    ],
    [
      -0.17959803094481722,
      0.10380740628495037,
      1.1646206246598667
    ]
  ],
  "M2_inv": [
    [
      0.36030139406888684,
      0.11701672347834338,
      0.04398242069810778
    ],
    [
      0.360301394068887,
      -0.1043342750536145,
      0.13625049459602562
    ],
    [
      0.360301394068887,
      -0.02613636504114113,
      -0.37385978411886545
    ]
  ],
  "n": 0.6596798187177607,
  "sigma": 0.26313003791342254,
  "s_gain": 0.5096372432096143,
  "c1": 0.2,
  "k": 0.5,
  "cp": 0.8866279769919064,
  "architecture": "H_NakaRushtonCp"
}