{
  "M1": [
    [
      0.8726013537844746,
      0.3216180852079767,
      -0.13868050470643373
    ],
    [
      -0.05208657238706493,
      0.8900653686257822,
      0.1464336543178929
    ],
    [
      0.534177193415939,
      0.13113664477391218,
      0.33168075659197516
    ]
  ],
  "M2": [
    [
      4.965397508932521,
      0.8015722138438374,
      5.246799164815408
    ],
    [
      2.2624057399928748,
      -2.456268818454485,
      0.19386307846161066
    ],
    [
      0.9623278063953961,
      1.4792043003704238,
      -2.4415321067658193
    ]
  ],
  "M1_inv": [
    [
      0.8155310459781607,
      -0.36892130488070435,
      0.5038602589025438
    ],
    [
      0.2821634989699073,
      1.074035571308118,
      -0.3561990702780253
    ],
    [
      -1.424984870009173,
      0.169512173757211,
      2.344302696251962
    ]
  ],
  "M2_inv": [
    [
      0.09079544070755023,
      0.15452156901239583,
      0.20738677493846644
    ],
    [
      0.09079544070755026,
      -0.273045070431943,
      0.17343703299550073
    ],
    [
      0.09079544070755027,
      -0.10452004260858908,
      -0.22276059087671232
    ]
  ],
  "n": 0.6800960057398105,
  "sigma": 0.3509042898931545,
  "s_gain": 0.1353352832366127,
  "c1": 0.5,
  "k": 1.408496582705073,
  "cp": 0.731098283076288,
  "architecture": "H_NakaRushtonCp"
}