{
  "architecture": "H_NakaRushtonCp",
  "n_params": 19,
  "timestamp": "2026-03-19T16:05:51.957790",
  "seed": "v14_nr33",
  "phase": "final",
  "metrics": {
    "cv": 0.30748296738302905,
    "hue_rms": 30.9700419799276,
    "cusp_L_85": 0.7945234899328859,
    "cusp_C_85": 0.14776470588235296,
    "cliff_85": 0.0,
    "cusp_L_80": 0.7748322147651007,
    "cusp_L_90": 0.7813959731543624,
    "gamut_min_C": 0.08153846153846153,
    "ach_err": 1.6313168425843986e-07,
    "drift_mean": 7.9867573245983,
    "drift_max": 42.03105955135269,
    "bw": 1.417559264745896,
    "rw_gb": 0.07944672846825296,
    "plr": 0.40297947708326587,
    "cond1": 1.9779062226053536,
    "cond2": 5.147786431074861,
    "yL": 0.9284865920994583,
    "yC": 0.4133785697919985,
    "mono_fails": 0,
    "wg_rt": 6.661338147750939e-16,
    "loss": 17.734327729131078
  },
  "x": [
    0.7553435965646236,
    0.4208619201958126,
    0.11611540867187263,
    0.9030498343182849,
    0.14269746913339043,
    -0.06507538618539631,
    2.5743289470424737,
    2.5775544466963107,
    1.2096286214582195,
    5.227555505379757,
    -1.5621493030250833,
    2.4634517335403237,
    0.6755937071165395,
    0.41800199908924135,
    -1.1722435131230955,
    -0.5730584430504791,
    1.4967311294524541,
    0.6915395919003323,
    -3.571212334390806
  ]
}