{
  "M1": [
    [
      0.7553435965646236,
      0.4208619201958126,
      -0.1274701729586716
    ],
    [
      0.11611540867187263,
      0.9030498343182849,
      -0.01231968883906548
    ],
    [
      0.14269746913339043,
      -0.06507538618539631,
      0.8536187675745367
    ]
  ],
  "M2": [
    [
      1.0575435782613383,
      1.058868625104912,
      0.49691978259962016
    ],
    [
      4.268281196752484,
      -3.238746963771117,
      -1.029534232981366
    ],
    [
      2.011399917716154,
      -0.5279830672290133,
      -1.4834168504871403
    ]
  ],
  "M1_inv": [
    [
      1.3835213362501106,
      -0.6305511066358537,
      0.19749977038574304
    ],
    [
      -0.1812387918399674,
      1.1911125256131163,
      -0.00987373377314876
    ],
    [
      -0.24509674048073116,
      0.1962118934505575,
      1.1377148470301737
    ]
  ],
  "M2_inv": [
    [
      0.3826532585106696,
      0.11750166583788181,
      0.0466328709930759
    ],
    [
      0.38265325851066967,
      -0.23064999654413004,
      0.2882602022276818
    ],
    [
      0.38265325851066967,
      0.24141705921161247,
      -0.7134873468009466
    ]
  ],
  "n": 0.6379479585625665,
  "sigma": 0.30967140946887545,
  "s_gain": 0.5637984536405986,
  "c1": 0.2,
  "k": 0.5,
  "cp": 0.8541028808590112,
  "architecture": "H_NakaRushtonCp"
}