{
  "architecture": "H_NakaRushtonCp",
  "n_params": 19,
  "timestamp": "2026-03-18T20:28:13.236282",
  "seed": "ok_nr33",
  "phase": "final",
  "metrics": {
    "cv": 0.22334694170201652,
    "hue_rms": 15.93291922306961,
    "cusp_L_85": 0.8596969696969697,
    "cusp_C_85": 0.3547215189873418,
    "cliff_85": 0.0,
    "cusp_L_80": 0.8794545454545455,
    "cusp_L_90": 0.8596969696969697,
    "gamut_min_C": 0.17102564102564102,
    "ach_err": 1.3125190326418996e-07,
    "drift_mean": 11.397268580320693,
    "drift_max": 46.445944951690926,
    "bw": 1.424640466529791,
    "rw_gb": 0.06427419538332896,
    "plr": 0.4000762190481264,
    "cond1": 1.4222683089425718,
    "cond2": 3.3818782619614294,
    "yL": 0.9400314367270641,
    "yC": 0.36014643696113724,
    "mono_fails": 0,
    "wg_rt": 8.881784197001252e-16,
    "loss": 15.989616470035209
  },
  "x": [
    0.9750286514178583,
    0.2532177919538796,
    -0.1332199765101052,
    1.0936368753444157,
    0.12236681188131882,
    0.021382931121155635,
    2.1339206137408837,
    2.133920616270416,
    1.0340625338070595,
    4.007296037951164,
    -1.3047676241169484,
    -0.24655048825354697,
    2.5395520075252307,
    0.4371282044438276,
    -1.337240367119108,
    -0.4806119670542728,
    0.6430528883029183,
    1.0569094870224944,
    -0.7023816252627739
  ]
}