{
  "M1": [
    [
      0.9750286514178583,
      0.2532177919538796,
      -0.16527214924920464
    ],
    [
      -0.1332199765101052,
      1.0936368753444157,
      0.030293724207768043
    ],
    [
      0.12236681188131882,
      0.021382931121155635,
      0.7919611740951363
    ]
  ],
  "M2": [
    [
      0.9236280901183933,
      0.9236280912132545,
      0.44757485213513887
    ],
    [
      3.271943513752349,
      -2.5585817917619287,
      -0.7133617219904197
    ],
    [
      -0.20130763068508262,
      1.8963882610395424,
      -1.6950806303544597
    ]
  ],
  "M1_inv": [
    [
      0.9679781301384216,
      -0.2282434221398663,
      0.2107352920014447
    ],
    [
      0.122147274606133,
      0.8862630700396547,
      -0.00841034464578763
    ],
    [
      -0.15286136300019693,
      0.01133706804315765,
      1.2303542949570392
    ]
  ],
  "M2_inv": [
    [
      0.43576192992706136,
      0.18491002533939396,
      0.037242091103727795
    ],
    [
      0.4357619299270615,
      -0.11300496084426798,
      0.16261733505674775
    ],
    [
      0.4357619299270616,
      -0.1483853191235501,
      -0.4124355498844366
    ]
  ],
  "n": 0.6502669141279396,
  "sigma": 0.26256926446734413,
  "s_gain": 0.6184048326013194,
  "c1": 0.2,
  "k": 0.5,
  "cp": 0.8996926603790564,
  "architecture": "H_NakaRushtonCp"
}