{
  "architecture": "H_NakaRushtonCp",
  "n_params": 19,
  "timestamp": "2026-03-18T20:09:45.620972",
  "seed": "rnd2",
  "phase": "final",
  "metrics": {
    "cv": 0.24179641949727243,
    "hue_rms": 13.46191327392781,
    "cusp_L_85": 0.918969696969697,
    "cusp_C_85": 0.22839240506329114,
    "cliff_85": 0.0,
    "cusp_L_80": 0.918969696969697,
    "cusp_L_90": 0.918969696969697,
    "gamut_min_C": 0.09943589743589742,
    "ach_err": 1.016915374251961e-06,
    "drift_mean": 10.354304682348616,
    "drift_max": 42.274721270731334,
    "bw": 1.5306532048312194,
    "rw_gb": -0.02517705260207148,
    "plr": 0.4379779680028989,
    "cond1": 3.185237359629086,
    "cond2": 1.5286801495575408,
    "yL": 0.9855537299701441,
    "yC": 0.21053540843058402,
    "mono_fails": 0,
    "wg_rt": 1.3322676295501878e-15,
    "loss": 4.82976765693104
  },
  "x": [
    0.5911749025433526,
    0.575593904687075,
    -0.2844922724923711,
    1.1812407041987223,
    0.4989709238299511,
    0.07220868846003725,
    1.1983898195082183,
    1.198389819745742,
    0.4443661978141442,
    1.29712930827732,
    -0.6576572994876528,
    0.753213081057571,
    1.1664573061560972,
    0.8005459825858505,
    -1.8492629375016865,
    -0.8267856720938731,
    0.48522653175866814,
    1.7067997953014356,
    -0.26633348914562305
  ]
}