{
  "M1": [
    [
      0.5911749025433526,
      0.575593904687075,
      -0.1262712400535028
    ],
    [
      -0.2844922724923711,
      1.1812407041987223,
      0.08188667288474932
    ],
    [
      0.4989709238299511,
      0.07220868846003725,
      0.41653372663070365
    ]
  ],
  "M2": [
    [
      1.1352385094132034,
      1.1352385096382105,
      0.42094952062189334
    ],
    [
      1.0591016452295783,
      -0.9945847587793406,
      -0.06451688645023762
    ],
    [
      0.614995905393545,
      0.5173119184507968,
      -1.1323078238443416
    ]
  ],
  "M1_inv": [
    [
      1.0657500853505564,
      -0.5456244911701136,
      0.4303444058195573
    ],
    [
      0.3493783895823993,
      0.6779961125415723,
      -0.027374502123971717
    ],
    [
      -1.3372421591231194,
      0.536075549420608,
      1.8899966097025114
    ]
  ],
  "M2_inv": [
    [
      0.3715501743255392,
      0.4816645534428239,
      0.11068400997374939
    ],
    [
      0.37155017432553916,
      -0.4948404700224659,
      0.16632352989077992
    ],
    [
      0.3715501743255393,
      0.035533495767545116,
      -0.7470483069439451
    ]
  ],
  "n": 0.9352376740801162,
  "sigma": 0.15735310265317387,
  "s_gain": 0.43745314673614677,
  "c1": 0.2,
  "k": 0.5,
  "cp": 0.9150711157865435,
  "architecture": "H_NakaRushtonCp"
}