{
  "M1": [
    [
      0.6203064205040846,
      0.5514870503732019,
      -0.1295608073525888
    ],
    [
      0.19910454465575533,
      0.8480260099286347,
      -0.03422839790195946
    ],
    [
      0.2500916313281709,
      0.02749832559439073,
      0.6748501433438854
    ]
  ],
  "M2": [
    [
      0.6588350593014309,
      0.660294564512237,
      0.42209135501637385
    ],
    [
      2.1857919991111183,
      -2.043904141129034,
      -0.14188785798208403
    ],
    [
      -0.08101319001788815,
      0.6995514374253292,
      -0.6185382474074411
    ]
  ],
  "M1_inv": [
    [
      1.8885756855836813,
      -1.2378969266455644,
      0.2997912410618837
    ],
    [
      -0.47088551779723775,
      1.4859222908270981,
      -0.015036773029860603
    ],
    [
      -0.6806969152174992,
      0.39820290399324354,
      1.3713240112242555
    ]
  ],
  "M2_inv": [
    [
      0.5743096437259321,
      0.2963988844949982,
      0.3239180984033759
    ],
    [
      0.5743096437259321,
      -0.15724427501699764,
      0.42798030710456675
    ],
    [
      0.5743096437259321,
      -0.21666029275866516,
      -1.1751050197428876
    ]
  ],
  "n": 0.9749628362025995,
  "sigma": 0.1669376294396601,
  "s_gain": 0.6745783445492257,
  "c1": 0.5,
  "k": 1.5500984600077476,
  "cp": 0.7597628435666622,
  "architecture": "H_NakaRushtonCp"
}