{
  "architecture": "H_NakaRushtonCp",
  "n_params": 19,
  "timestamp": "2026-03-18T19:46:08.314650",
  "seed": "ok_nr42",
  "phase": "final",
  "metrics": {
    "cv": 0.2288422799021757,
    "hue_rms": 19.897503509889674,
    "cusp_L_85": 0.918969696969697,
    "cusp_C_85": 0.3168227848101266,
    "cliff_85": 7.974749290822654,
    "cusp_L_80": 0.918969696969697,
    "cusp_L_90": 0.9090909090909091,
    "gamut_min_C": 0.14417948717948717,
    "ach_err": 1.008473827389785e-06,
    "drift_mean": 11.350246712346477,
    "drift_max": 43.134536760740076,
    "bw": 1.8252083037822895,
    "rw_gb": 0.047148677423205276,
    "plr": 0.42878076055555936,
    "cond1": 3.1514564287907505,
    "cond2": 4.07621725278941,
    "yL": 0.9662977423692931,
    "yC": 0.3030351332156923,
    "mono_fails": 0,
    "wg_rt": 2.9976021664879227e-15,
    "loss": 8.218194947644232
  },
  "x": [
    0.6203064205040846,
    0.5514870503732019,
    0.19910454465575533,
    0.8480260099286347,
    0.2500916313281709,
    0.02749832559439073,
    2.563723063853331,
    2.569402432487303,
    1.6424829350398715,
    2.677037540840111,
    -1.3449286117404409,
    -0.09922048898948077,
    0.9320301543572911,
    0.8421446422786902,
    -1.7901350127342868,
    -0.39366745804205294,
    1.6757887878286732,
    1.5500984600077476,
    -0.2747489423374514
  ]
}