{
  "M1": [
    [
      1.0445368857357502,
      0.08708145163488046,
      -0.07336537881959444
    ],
    [
      0.36183542598303853,
      0.4221745003081519,
      0.2148285612609401
    ],
    [
      0.6879585973348865,
      -0.0800863971884692,
      0.391431526665852
    ]
  ],
  "M2": [
    [
      3.440292305644591,
      3.4483245088170715,
      2.0141894348600133
    ],
    [
      0.024233386547101263,
      -0.7854977375348664,
      0.7682402974718991
    ],
    [
      0.48483243709396273,
      -0.5256074418971105,
      0.01645401015106102
    ]
  ],
  "M1_inv": [
    [
      0.8504031821630825,
      -0.13148615189470053,
      0.23155296973161804
    ],
    [
      0.02870777301426269,
      2.140894076940162,
      -1.1696018499544245
    ],
    [
      -1.4887484491137677,
      0.6691170847725177,
      1.9084613643412498
    ]
  ],
  "M2_inv": [
    [
      0.11601444871279022,
      -0.33106777746473964,
      1.2558963295114145
    ],
    [
      0.11043463201026323,
      -0.27304872811490644,
      -0.7699784314031949
    ],
    [
      0.10925582904862081,
      1.0329368790792797,
      -0.8268909338971862
    ]
  ],
  "n": 0.6050958845416843,
  "sigma": 6.294925150660156,
  "s_gain": 0.6096065921085546,
  "c1": 0.2,
  "k": 0.5,
  "cp": 0.8503406044202512,
  "architecture": "H_NakaRushtonCp_Munsell",
  "loss": 35.19879876720303,
  "generation": 300,
  "seed": "H_v2_pert2"
}