{
  "M1": [
    [
      1.634423421099243,
      -0.34271851393753444,
      -0.19355814508661867
    ],
    [
      0.18436256391440065,
      0.6584869282698503,
      0.15271620510679285
    ],
    [
      0.5562802474456503,
      -0.08123601364803641,
      0.5074330491062601
    ]
  ],
  "M2": [
    [
      4.836135769843968,
      4.854177279686721,
      4.031019412215088
    ],
    [
      0.24843337626957493,
      -1.118994991646842,
      0.8790049611549309
    ],
    [
      0.6428660653201845,
      -0.31176704423814416,
      -0.39787470544766196
    ]
  ],
  "M1_inv": [
    [
      0.5388259913969526,
      0.2948481775866062,
      0.11679583101644117
    ],
    [
      -0.013369657943503699,
      1.4569510028534287,
      -0.443581344909925
    ],
    [
      -0.5928355554874745,
      -0.08998492651371055,
      1.771650482001185
    ]
  ],
  "M2_inv": [
    [
      0.07743321027124568,
      0.07262644852283114,
      0.9449552262769134
    ],
    [
      0.07147587078342203,
      -0.4861298541546583,
      -0.3498335758185705
    ],
    [
      0.06910557989042115,
      0.498268284541269,
      -0.7124196838612202
    ]
  ],
  "n": 0.589839867754232,
  "sigma": 7.331899998007282,
  "s_gain": 0.41175053350293134,
  "c1": 0.2,
  "k": 0.5,
  "cp": 0.9288459327404854,
  "architecture": "H_NakaRushtonCp_Munsell",
  "loss": 35.42438587243163,
  "generation": 300,
  "seed": "OKLab_NR"
}