{
  "M1": [
    [
      0.6690879943531067,
      0.34567929166443445,
      0.01687374736438943
    ],
    [
      -0.002956225032678894,
      0.7378780762054156,
      0.24331780627039545
    ],
    [
      0.5498057592517742,
      -0.02761619550379546,
      0.46383945657977976
    ]
  ],
  "M2": [
    [
      0.43705284002153927,
      0.7814975215075335,
      0.7806848276448284
    ],
    [
      1.8275120492659194,
      -2.026071711749756,
      0.19855966248383705
    ],
    [
      0.4664431037955333,
      0.7554432958065151,
      -1.221886399602048
    ]
  ],
  "M1_inv": [
    [
      1.2765721156972702,
      -0.588234636281054,
      0.26213252058378367
    ],
    [
      0.4943803673113432,
      1.101335786039893,
      -0.595716153351236
    ],
    [
      -1.4837327585461701,
      0.7628275046076031,
      1.8097352539385674
    ]
  ],
  "M2_inv": [
    [
      0.5001912758514456,
      0.3322230867879186,
      0.37356815175956
    ],
    [
      0.5001912758514457,
      -0.19317733192650527,
      0.28818924105003796
    ],
    [
      0.5001912758514458,
      0.007389105444795714,
      -0.4976248871722625
    ]
  ],
  "n": 0.7602279697046965,
  "sigma": 0.328589223416891,
  "s_gain": 0.7148173315663845,
  "c1": 0.5,
  "k": 0.41247292478353614,
  "cp": 0.7544201172992773,
  "architecture": "H_NakaRushtonCp_Lcorr3",
  "L_corr": [
    -0.07886491018478237,
    -0.4800685741174795,
    -0.28180133498376186
  ]
}