{
  "architecture": "H_NakaRushtonCp",
  "n_params": 19,
  "timestamp": "2026-03-18T17:19:11.212845",
  "seed": "v14",
  "phase": "final",
  "metrics": {
    "cv": 0.19099939167518118,
    "hue_rms": 10.598390638548835,
    "cusp_L_85": 0.8601610738255033,
    "cusp_C_85": 0.16034453781512606,
    "cliff_85": 0.0,
    "cusp_L_80": 0.8667248322147652,
    "cusp_L_90": 0.8535973154362416,
    "gamut_min_C": 0.15312820512820513,
    "ach_err": 1.1980485890569566e-06,
    "drift_mean": 9.090217109148254,
    "drift_max": 43.354490355154276,
    "bw": 1.0402700858834666,
    "rw_gb": 0.01723631240403478,
    "plr": 0.39398537161276537,
    "cond1": 3.2088705369027237,
    "cond2": 4.526636855177577,
    "yL": 0.8966008362904595,
    "yC": 0.1793949777805923,
    "mono_fails": 0,
    "wg_rt": 1.27675647831893e-15,
    "loss": 10.846694903760653
  },
  "x": [
    0.3421133049568361,
    0.45558336006423517,
    -0.19435319602207635,
    0.8448029104045192,
    -0.0241192803762309,
    0.3669506943962233,
    0.983554606282091,
    0.16080707118796944,
    1.0748794117606086,
    2.453867386407466,
    -1.1603609041670104,
    -0.28380842271531037,
    0.980821140718442,
    0.5230443015523489,
    -0.6267528902402963,
    0.2614312005107111,
    1.7799219948422431,
    0.7697959108070469,
    -0.25201840952571253
  ]
}