{
  "architecture": "H_NakaRushtonCp",
  "n_params": 19,
  "timestamp": "2026-03-18T17:23:57.128901",
  "seed": "oklab",
  "phase": "final",
  "metrics": {
    "cv": 0.2799043418123288,
    "hue_rms": 10.46825105630502,
    "cusp_L_85": 0.8273422818791947,
    "cusp_C_85": 0.18550420168067228,
    "cliff_85": 0.0,
    "cusp_L_80": 0.8273422818791947,
    "cusp_L_90": 0.8535973154362416,
    "gamut_min_C": 0.1352307692307692,
    "ach_err": 1.3340509696571684e-06,
    "drift_mean": 10.314557872988344,
    "drift_max": 39.309393445676314,
    "bw": 1.3935730261691535,
    "rw_gb": -0.05443863103349733,
    "plr": 0.4087579215677629,
    "cond1": 3.3300156343007745,
    "cond2": 2.5882553269051187,
    "yL": 0.9525334242998638,
    "yC": 0.17773160418639997,
    "mono_fails": 0,
    "wg_rt": 3.4416913763379853e-15,
    "loss": 6.367765202010055
  },
  "x": [
    0.32242520804817687,
    0.6045367687891736,
    -0.42406230112416576,
    1.0283421788929523,
    0.057957443757427285,
    0.35093552978174714,
    -0.01786654203440108,
    0.7676199948825779,
    1.0132474551622224,
    2.406851277261648,
    -1.7258108623397383,
    0.889606595167999,
    1.4412560583399987,
    0.8200666111767703,
    -2.1659076681285607,
    -0.8522460761006769,
    0.6235966625428242,
    1.4771730041229958,
    -0.2894149870118792
  ]
}