{
  "M1": [
    [
      0.3421133049568361,
      0.45558336006423517,
      0.20136128410627988
    ],
    [
      -0.19435319602207635,
      0.8448029104045192,
      0.31219196001082244
    ],
    [
      -0.0241192803762309,
      0.3669506943962233,
      0.602457645383552
    ]
  ],
  "M2": [
    [
      0.5601020215621743,
      0.09157434175855189,
      0.6121084966888023
    ],
    [
      2.0035743310517513,
      -1.8222862294861222,
      -0.1812881015656287
    ],
    [
      -0.23172860678554172,
      0.8094095831259062,
      -0.5776809763403644
    ]
  ],
  "M1_inv": [
    [
      2.2590658643691977,
      -1.1488963273362756,
      -0.15969953703292172
    ],
    [
      0.627543893918265,
      1.208382839124664,
      -0.8359267330429291
    ],
    [
      -0.2917891838760015,
      -0.7820092883966632,
      2.1626284722726647
    ]
  ],
  "M2_inv": [
    [
      0.7912739198287755,
      0.361747286695923,
      0.7249070470291791
    ],
    [
      0.7912739198287756,
      -0.11987972507996834,
      0.8760514506076239
    ],
    [
      0.7912739198287758,
      -0.3130776336144418,
      -0.7943783496750507
    ]
  ],
  "n": 0.7086055415559687,
  "sigma": 0.5343239958332666,
  "s_gain": 1.2987875825756474,
  "c1": 0.5,
  "k": 0.7697959108070469,
  "cp": 0.7772304294936632,
  "architecture": "H_NakaRushtonCp"
}