{
  "architecture": "H_NakaRushtonCp",
  "n_params": 19,
  "timestamp": "2026-03-18T17:57:32.624194",
  "seed": "ok_nr42",
  "phase": "final",
  "metrics": {
    "cv": 0.19504092019530686,
    "hue_rms": 8.924698896404175,
    "cusp_L_85": 0.8201818181818181,
    "cusp_C_85": 0.17154430379746835,
    "cliff_85": 0.0,
    "cusp_L_80": 0.839939393939394,
    "cusp_L_90": 0.8498181818181818,
    "gamut_min_C": 0.17102564102564102,
    "ach_err": 1.1288306949999792e-06,
    "drift_mean": 9.210177742468314,
    "drift_max": 43.354490355154276,
    "bw": 1.0509227458335315,
    "rw_gb": 0.011491851637154937,
    "plr": 0.41607781071446226,
    "cond1": 3.210846138875036,
    "cond2": 6.948692086636571,
    "yL": 0.8959572516665684,
    "yC": 0.18169894442562776,
    "mono_fails": 0,
    "wg_rt": 1.7763568394002505e-15,
    "loss": 7.583186964410444
  },
  "x": [
    0.4362660884132916,
    0.45224562285623904,
    0.029132132114501275,
    0.7488992164036852,
    0.1465836738303441,
    0.33397655350957134,
    0.1727088618332555,
    0.2978985663883016,
    1.2961194736373118,
    2.2918841034901765,
    -1.1082149769119587,
    -0.444791355350477,
    0.9557750825178282,
    0.7775781886066846,
    -0.9636669232785064,
    0.47058994587506175,
    0.916889680944089,
    0.7780248410908506,
    -0.24843390397704646
  ]
}