{
  "M1": [
    [
      0.2616931054614895,
      0.7933916840329402,
      -0.03868659935979185
    ],
    [
      -0.45423296641887845,
      1.101359384810209,
      0.30342241009335014
    ],
    [
      0.4067164962301604,
      0.11002976678622645,
      0.4623296612344378
    ]
  ],
  "M2": [
    [
      0.6748947470184483,
      6.339919746576717,
      1.7123661471049174
    ],
    [
      8.539039583578731,
      -10.310071959939973,
      1.7710323763612443
    ],
    [
      3.75973591347012,
      -0.3482328759771185,
      -3.4115030374930013
    ]
  ],
  "M1_inv": [
    [
      1.1653207761672937,
      -0.9087954358129748,
      0.6939446596456812
    ],
    [
      0.8165776886840396,
      0.3348554630652904,
      -0.15143315174932995
    ],
    [
      -1.2194827262657943,
      0.7197851551360924,
      1.5885275711297018
    ]
  ],
  "M2_inv": [
    [
      0.11458454238203795,
      0.06733756064321497,
      0.09247176037476415
    ],
    [
      0.11458454238203798,
      -0.027983581893546713,
      0.04298717023105796
    ],
    [
      0.11458454238203795,
      0.07706756974541834,
      -0.1956029762023169
    ]
  ],
  "n": 0.5695769873601739,
  "sigma": 0.049787068367863944,
  "s_gain": 0.1353352832366127,
  "c1": -0.5,
  "k": 2.0,
  "cp": 0.7613485426141114,
  "architecture": "H_NakaRushtonCp"
}