{
  "M1": [
    [
      0.4362660884132916,
      0.45224562285623904,
      0.12223813459362766
    ],
    [
      0.029132132114501275,
      0.7488992164036852,
      0.20518498386841358
    ],
    [
      0.1465836738303441,
      0.33397655350957134,
      0.48373029951865903
    ]
  ],
  "M2": [
    [
      0.08636929395502203,
      0.1489749198510243,
      0.648171278712313
    ],
    [
      1.871315534382336,
      -1.719284092378107,
      -0.1520314420042287
    ],
    [
      -0.36317062086987373,
      0.8574203525724252,
      -0.4942497317025515
    ]
  ],
  "M1_inv": [
    [
      2.3852557974850677,
      -1.4449359645837032,
      0.010150167098635442
    ],
    [
      0.12980105024160837,
      1.56817656702493,
      -0.697977617266538
    ],
    [
      -0.8124156489952201,
      -0.6448431767073007,
      2.5460888257025207
    ]
  ],
  "M2_inv": [
    [
      1.1318420655529366,
      0.7268216996920176,
      1.2607548934810555
    ],
    [
      1.1318420655529369,
      0.22254212664421108,
      1.4158715192395375
    ],
    [
      1.1318420655529369,
      -0.14799833881017066,
      -0.4934187406972503
    ]
  ],
  "n": 0.9140021281874506,
  "sigma": 0.3814914182460576,
  "s_gain": 1.60093838167443,
  "c1": 0.5,
  "k": 0.7780248410908506,
  "cp": 0.780021415444716,
  "architecture": "H_NakaRushtonCp"
}