{
  "architecture": "H_NakaRushtonCp",
  "n_params": 19,
  "timestamp": "2026-03-18T18:01:30.072549",
  "seed": "rnd2",
  "phase": "final",
  "metrics": {
    "cv": 0.24365556677909633,
    "hue_rms": 12.471334843897818,
    "cusp_L_85": 0.8103030303030303,
    "cusp_C_85": 0.1778607594936709,
    "cliff_85": 0.0,
    "cusp_L_80": 0.8201818181818181,
    "cusp_L_90": 0.7806666666666666,
    "gamut_min_C": 0.15312820512820513,
    "ach_err": 1.2116514794302898e-06,
    "drift_mean": 10.30140327949227,
    "drift_max": 40.22469309088788,
    "bw": 5.8564384603532575,
    "rw_gb": -0.049124190544443,
    "plr": 0.43535479117166054,
    "cond1": 3.2084953480049228,
    "cond2": 3.4543488707581536,
    "yL": 0.9440402250549679,
    "yC": 0.18246918924648833,
    "mono_fails": 0,
    "wg_rt": 6.265821195228227e-15,
    "loss": 4.075090221212084
  },
  "x": [
    0.2616931054614895,
    0.7933916840329402,
    -0.45423296641887845,
    1.101359384810209,
    0.4067164962301604,
    0.11002976678622645,
    1.054036669818288,
    9.901555651631497,
    2.674338064087351,
    10.458144936597819,
    -8.542630800420795,
    4.6047172778093,
    2.166059103814291,
    0.3046392466000043,
    -3.1388623047387227,
    -2.3913240782903813,
    -1.3803682825309807,
    3.250479625818116,
    -0.27266401990999256
  ]
}