{
  "architecture": "H_NakaRushtonCp",
  "n_params": 19,
  "timestamp": "2026-03-18T18:32:59.173185",
  "seed": "ok_nr42",
  "phase": "final",
  "metrics": {
    "cv": 0.2148238662423543,
    "hue_rms": 10.057104061343349,
    "cusp_L_85": 0.8992121212121212,
    "cusp_C_85": 0.18417721518987343,
    "cliff_85": 0.0,
    "cusp_L_80": 0.9288484848484848,
    "cusp_L_90": 0.9090909090909091,
    "gamut_min_C": 0.1352307692307692,
    "ach_err": 1.1911744840088889e-06,
    "drift_mean": 10.103871168303533,
    "drift_max": 42.180380814189405,
    "bw": 1.3919354017045065,
    "rw_gb": -0.03147990296365566,
    "plr": 0.4416674099308293,
    "cond1": 3.156458851202514,
    "cond2": 2.2549113152766274,
    "yL": 0.9725303265794707,
    "yC": 0.17993312986658275,
    "mono_fails": 0,
    "wg_rt": 1.7763568394002505e-15,
    "loss": 3.6117824792808353
  },
  "x": [
    0.9654023596820012,
    0.25846776761272183,
    0.024411865692551826,
    0.7978612968758563,
    0.5736595513643676,
    0.08687761670652627,
    1.6063073076015972,
    -0.14170590949482853,
    0.9336755558352792,
    2.7608964985584024,
    -1.8003118586285378,
    1.1948514820082572,
    2.3682351722522776,
    0.7741570061116934,
    -1.395201266935957,
    -1.2560233349838814,
    1.6605576206420047,
    1.1784170437935595,
    -0.28860094202506037
  ]
}