{
  "M1": [
    [
      0.9654023596820012,
      0.25846776761272183,
      -0.16169075835499894
    ],
    [
      0.024411865692551826,
      0.7978612968758563,
      0.1643378278880486
    ],
    [
      0.5736595513643676,
      0.08687761670652627,
      0.3378637523839197
    ]
  ],
  "M2": [
    [
      3.01178056661132,
      -0.2656945544422316,
      1.7506151414970503
    ],
    [
      2.2542625513682664,
      -2.400143999170929,
      0.14588144780266332
    ],
    [
      0.9755921497761685,
      1.1867990748559931,
      -2.1623912246321613
    ]
  ],
  "M1_inv": [
    [
      0.7456875793186565,
      -0.2961069550359808,
      0.5008893757173243
    ],
    [
      0.2512761751594289,
      1.2236650302177574,
      -0.47494120537718637
    ],
    [
      -1.3307171138382914,
      0.18810979591901436,
      2.231437317919277
    ]
  ],
  "M2_inv": [
    [
      0.22238524772425777,
      0.06662768931731124,
      0.18453216103894038
    ],
    [
      0.22238524772425783,
      -0.3643921264125273,
      0.15545426152008626
    ],
    [
      0.2223852477242578,
      -0.16993168658368402,
      -0.2938778567522247
    ]
  ],
  "n": 0.9108805029756283,
  "sigma": 0.2477831607906908,
  "s_gain": 0.2847842693527813,
  "c1": 0.5,
  "k": 1.1784170437935595,
  "cp": 0.7493111643435698,
  "architecture": "H_NakaRushtonCp"
}