{
  "M1": [
    [
      6.213663274448127,
      -0.5041794153770129,
      -0.40416891025666857
    ],
    [
      -1.1592256796157883,
      4.350194381717271,
      0.5254938968299478
    ],
    [
      0.0008170122534259527,
      0.7226718820884986,
      2.227799849833172
    ]
  ],
  "M2": [
    [
      0.2273693731860043,
      0.2084005610779323,
      0.19539828790940916
    ],
    [
      2.0201840766879706,
      -2.5340575623147816,
      0.35195308663692537
    ],
    [
      0.0070419163294901865,
      0.7653951985681192,
      -0.8245205556995973
    ]
  ],
  "gamma": [
    0.3333333333333333,
    0.3333333333333333,
    0.3333333333333333
  ],
  "L_corr": [
    0,
    0,
    0
  ],
  "hue_correction": [
    0,
    0,
    0,
    0
  ],
  "chroma_power": 1.0,
  "chroma_k": 0.0,
  "architecture": "handcrafted_step3",
  "gradient_cv": 0.6260352699822499,
  "blue_gr": 1.0201725269249446
}