{
  "M1": [
    [
      0.8188,
      0.3809,
      -0.1462
    ],
    [
      0.0229,
      0.9539,
      0.0223
    ],
    [
      0.0316,
      0.2407,
      0.6698
    ]
  ],
  "M2": [
    [
      0.23375595568721316,
      0.8814879201116551,
      -0.004522907792860666
    ],
    [
      1.8436683112448398,
      -1.9585237978917553,
      0.11484415794100289
    ],
    [
      -0.7169426915692754,
      1.6355507775928229,
      -0.9185757066998269
    ]
  ],
  "gamma": [
    0.3333333333333333,
    0.3333333333333333,
    0.3333333333333333
  ],
  "transfer": "softcbrt",
  "softcbrt_eps": 0.001,
  "cross_d": 0,
  "cross_k": 0,
  "cross_d2": 0,
  "cross_k2": 0,
  "hue_correction": [
    0,
    0,
    0,
    0.1
  ],
  "chroma_power": 1.0,
  "chroma_k": 0.0,
  "L_corr": [
    0,
    0,
    0
  ],
  "L_corr_pw": [
    -0.005260664826727611,
    -0.010521329653455222,
    -0.015781994480182828,
    -0.01170599546935554,
    -0.007663689074557486,
    -0.004639936245571126,
    -0.0017561678537695816,
    0.0006294347384853444,
    0.0030444531918761234,
    0.005555787909995181,
    0.008188249013945437,
    0.01116609580674302,
    0.014311179967906977,
    0.017802951171526183,
    0.0214454850182932,
    0.025285038695835912,
    0.029136097478172786,
    0.032995864570049084,
    0.03412891550619062
  ],
  "L_corr_pw_step": 0.05
}