{
  "M1": [
    [
      0.818798588303254,
      0.3620277493294354,
      -0.1288275302451293
    ],
    [
      0.03286045876327659,
      0.9293629304937852,
      0.036189392493952574
    ],
    [
      0.048133708189572355,
      0.26424253091224353,
      0.6337149022717601
    ]
  ],
  "M2": [
    [
      0.2104542553,
      0.793617785,
      -0.0040720468
    ],
    [
      1.9779984951,
      -2.428592205,
      0.4505937099
    ],
    [
      0.0259040371,
      0.7827717662,
      -0.808675766
    ]
  ],
  "gamma": [
    0.3333333333333333,
    0.3333333333333333,
    0.3333333333333333
  ],
  "cross_d": 0,
  "cross_k": 0,
  "cross_d2": 0,
  "cross_k2": 0,
  "hue_correction": [
    0,
    0,
    0,
    0
  ],
  "chroma_power": 1.0,
  "chroma_k": 0.0,
  "L_corr": [
    0,
    0,
    0
  ],
  "L_corr_pw": [
    -0.02580416839079208,
    -0.05160833678158416,
    -0.07741250517237624,
    -0.10321667356316833,
    -0.11235225610112953,
    -0.09733206531281094,
    -0.08372939682251682,
    -0.07073539571119149,
    -0.05896377901166017,
    -0.04719478389460239,
    -0.034906240057359234,
    -0.022150987848037516,
    -0.00852784757934287,
    0.005988509950073764,
    0.02109176101071184,
    0.037091408444000176,
    0.05321106080823482,
    0.06939243709492952,
    0.049000000000000044
  ],
  "L_corr_pw_step": 0.05
}