{
  "M1": [
    [
      6.213663274448127,
      -0.5041794153770129,
      -0.40416891025666857
    ],
    [
      -1.1592256796157883,
      4.350194381717271,
      0.5254938968299478
    ],
    [
      0.0008170122534259527,
      0.7226718820884986,
      2.227799849833172
    ]
  ],
  "M2": [
    [
      0.22737057622665235,
      0.20839674969224095,
      0.19539471431903682
    ],
    [
      0.7854111526983275,
      -0.45602339027750444,
      -0.4275734598939972
    ],
    [
      -1.0571870951540477e-06,
      0.7083393847626102,
      -0.755472764986196
    ]
  ],
  "gamma": [
    0.3333333333333333,
    0.3333333333333333,
    0.3333333333333333
  ],
  "L_corr_5": [
    -0.1145768739281969,
    -0.14145849851374187,
    0.954944936293711,
    1.2512088926233647,
    -2.2172544817790296
  ],
  "cross_d": -0.3,
  "cross_k": 1.09,
  "architecture": "helmlab_v3_polar_m2"
}