{
  "M1": [
    [
      0.818798588303254,
      0.3620277493294354,
      -0.1288275302451293
    ],
    [
      0.03286045876327659,
      0.9293629304937852,
      0.036189392493952574
    ],
    [
      0.048133708189572355,
      0.26424253091224353,
      0.6337149022717601
    ]
  ],
  "M2": [
    [
      0.23375152420585715,
      0.8814712091052038,
      -0.004522822048814059
    ],
    [
      1.8436720735840726,
      -1.958520035568215,
      0.11484792038556679
    ],
    [
      -0.7169534720203349,
      1.6355399971865139,
      -0.9185864874512486
    ]
  ],
  "gamma": [
    0.3333333333333333,
    0.3333333333333333,
    0.3333333333333333
  ],
  "transfer": "softcbrt",
  "softcbrt_eps": 0.001,
  "cross_d": 0,
  "cross_k": 0,
  "cross_d2": 0,
  "cross_k2": 0,
  "hue_correction": [
    0,
    0,
    0,
    0.08
  ],
  "chroma_power": 0.87,
  "chroma_k": 0.1,
  "L_corr": [
    0,
    0,
    0
  ],
  "L_corr_pw": [
    -0.006575986540124236,
    -0.013151973080248472,
    -0.019727959620372708,
    -0.014633259023008969,
    -0.009580328478985814,
    -0.005800604763308613,
    -0.0021958413189770067,
    0.0007862037699719873,
    0.0038050166715162008,
    0.006944231696819192,
    0.01023484584811246,
    0.013957204264299762,
    0.017888601645081652,
    0.02225336801436103,
    0.02680658406250687,
    0.03160608010956337,
    0.03641995769688551,
    0.041244721082205144,
    0.024500000000000022
  ],
  "L_corr_pw_step": 0.05
}