{
  "M1": [
    [
      0.7674583636736406,
      0.392729866320874,
      -0.11220853323453542
    ],
    [
      0.0177003223228695,
      0.9138166406010253,
      0.06370115999812358
    ],
    [
      0.049296614998634504,
      0.3254776507516335,
      0.5764604167690222
    ]
  ],
  "M2": [
    [
      0.2337515171705931,
      0.8814711825753971,
      -0.004522821912689824
    ],
    [
      1.8436720874502648,
      -1.9585200217020238,
      0.1148479342517591
    ],
    [
      -0.7169534845919785,
      1.6355399846148706,
      -0.9185865000228921
    ]
  ],
  "gamma": [
    0.3333333333333333,
    0.3333333333333333,
    0.3333333333333333
  ],
  "transfer": "softcbrt",
  "softcbrt_eps": 0.001,
  "cross_d": 0,
  "cross_k": 0,
  "cross_d2": 0,
  "cross_k2": 0,
  "hue_correction": [
    0,
    0,
    0,
    0.1
  ],
  "chroma_power": 1.0,
  "chroma_k": 0.0,
  "L_corr": [
    0,
    0,
    0
  ],
  "L_corr_pw": [
    -0.005260789429600145,
    -0.01052157885920029,
    -0.01578236828880043,
    -0.011706608189601817,
    -0.007664263693991497,
    -0.004640484679944635,
    -0.0017566738572240435,
    0.00062896226708541,
    0.0030440126389132327,
    0.005555384718375411,
    0.008187876087381751,
    0.011165762883739341,
    0.014310880841934917,
    0.01780269400386459,
    0.021445266904283382,
    0.025284863810448255,
    0.029135965949027877,
    0.03299577672652753,
    0.034128852622689186
  ],
  "L_corr_pw_step": 0.05
}