{
  "M1": [
    [
      6.213663274448127,
      -0.5041794153770129,
      -0.40416891025666857
    ],
    [
      -1.1592256796157883,
      4.350194381717271,
      0.5254938968299478
    ],
    [
      0.0008170122534259527,
      0.7226718820884986,
      2.227799849833172
    ]
  ],
  "M2": [
    [
      0.5848054365977834,
      0.5360040609117486,
      0.5025623504702584
    ],
    [
      0.42399692630717667,
      -0.335447137433419,
      -0.10119402371784186
    ],
    [
      -0.06152587071730738,
      0.4455953771352968,
      -0.39068459755300194
    ]
  ],
  "gamma": [
    0.3333333333333333,
    0.3333333333333333,
    0.3333333333333333
  ],
  "L_corr": [
    0,
    0,
    0
  ],
  "cross_d": -0.3,
  "cross_k": 1.09,
  "architecture": "helmlab_v6",
  "hue_correction": [
    0,
    0,
    0,
    0
  ],
  "L_corr_5": [
    0,
    0,
    0,
    0,
    0
  ],
  "L_corr_7": [
    0,
    0,
    0,
    0,
    0,
    0,
    0
  ],
  "chroma_power": 1.0,
  "chroma_k": 0.0,
  "transfer": "naka_rushton",
  "nr_n": 0.76,
  "nr_sigma": 0.33,
  "nr_s": 0.71
}