{
  "M1": [
    [
      0.818798588303254,
      0.3620277493294354,
      -0.1288275302451293
    ],
    [
      0.03286045876327659,
      0.9293629304937852,
      0.036189392493952574
    ],
    [
      0.048133708189572355,
      0.26424253091224353,
      0.6337149022717601
    ]
  ],
  "M2": [
    [
      0.24977023247611654,
      0.9418773613014736,
      -0.004832765554869853
    ],
    [
      1.8436720726633684,
      -1.9585200364889193,
      0.11484791946486289
    ],
    [
      -0.716953471185588,
      1.6355399980212608,
      -0.9185864866165017
    ]
  ],
  "gamma": [
    0.3333333333333333,
    0.3333333333333333,
    0.3333333333333333
  ],
  "transfer": "softcbrt",
  "softcbrt_eps": 0.004,
  "cross_d": 0,
  "cross_k": 0,
  "cross_d2": 0,
  "cross_k2": 0,
  "hue_correction": [
    0,
    0,
    0,
    0.08
  ],
  "chroma_power": 0.87,
  "chroma_k": 0.1,
  "L_corr": [
    0,
    0,
    0
  ],
  "L_corr_pw": [
    -4.094286463169124e-05,
    -8.188572926338248e-05,
    0.004584060437504718,
    0.010623329143853286,
    0.013759740760670469,
    0.016841201071252747,
    0.018611485496888094,
    0.020381769922523447,
    0.02206257135523245,
    0.023736766679272797,
    0.025772252279750184,
    0.02787224396131256,
    0.030398549501178172,
    0.03303244543760925,
    0.03595385105759776,
    0.03895257445406162,
    0.041947317263571655,
    0.04494108877488905,
    0.024500000000000022
  ],
  "L_corr_pw_step": 0.05
}