{
  "M1": [
    [
      0.7674,
      0.3927,
      -0.1122
    ],
    [
      0.0177,
      0.9138,
      0.0637
    ],
    [
      0.0493,
      0.3255,
      0.5765
    ]
  ],
  "M2": [
    [
      0.2337541754456507,
      0.8814812068648094,
      -0.004522873347242318
    ],
    [
      1.8436840081969028,
      -1.9585081007003744,
      0.11485985563643075
    ],
    [
      -0.7169487570886524,
      1.6355447122191211,
      -0.9185817722670542
    ]
  ],
  "gamma": [
    0.3333333333333333,
    0.3333333333333333,
    0.3333333333333333
  ],
  "transfer": "softcbrt",
  "softcbrt_eps": 0.001,
  "cross_d": 0,
  "cross_k": 0,
  "cross_d2": 0,
  "cross_k2": 0,
  "hue_correction": [
    0,
    0,
    0,
    0.1
  ],
  "chroma_power": 1.0,
  "chroma_k": 0.0,
  "L_corr": [
    0,
    0,
    0
  ],
  "L_corr_pw": [
    -0.005260714803838588,
    -0.010521429607677176,
    -0.01578214441151576,
    -0.011706241224782601,
    -0.007663919548055176,
    -0.004640156216540149,
    -0.001756370806130106,
    0.000629245235455013,
    0.003044276490989664,
    0.005555626194325276,
    0.008188099437257968,
    0.011165962275036493,
    0.014311059991815473,
    0.01780284802444449,
    0.021445397535196743,
    0.02528496855125735,
    0.029136044723300045,
    0.03299582933699246,
    0.03412889028429196
  ],
  "L_corr_pw_step": 0.05
}