{
  "M1": [
    [
      0.8319727404131603,
      0.36438806082518704,
      -0.14249533114047516
    ],
    [
      0.013700583603759768,
      0.9534406137098221,
      0.030801312043489112
    ],
    [
      0.05139818790548721,
      0.23189182442183823,
      0.6605767107074874
    ]
  ],
  "M2": [
    [
      0.2337515171705931,
      0.8814711825753971,
      -0.004522821912689824
    ],
    [
      1.9173042857065403,
      -2.1432436944907014,
      0.2259394087841614
    ],
    [
      -0.4869223152856428,
      1.384665368494336,
      -0.8977430532086933
    ]
  ],
  "gamma": [
    0.3333333333333333,
    0.3333333333333333,
    0.3333333333333333
  ],
  "transfer": "softcbrt",
  "softcbrt_eps": 0.001,
  "cross_d": 0,
  "cross_k": 0,
  "cross_d2": 0,
  "cross_k2": 0,
  "hue_correction": [
    0,
    0,
    0,
    0.1
  ],
  "chroma_power": 1.0,
  "chroma_k": 0.0,
  "L_corr": [
    0,
    0,
    0
  ],
  "L_corr_pw": [
    -0.005260789429600145,
    -0.01052157885920029,
    -0.01578236828880043,
    -0.011706608189601817,
    -0.007664263693991494,
    -0.004640484679944619,
    -0.0017566738572240212,
    0.0006289622670854197,
    0.0030440126389132327,
    0.005555384718375411,
    0.008187876087381751,
    0.011165762883739341,
    0.014310880841934917,
    0.01780269400386459,
    0.021445266904283382,
    0.025284863810448255,
    0.029135965949027877,
    0.03299577672652753,
    0.034128852622689186
  ],
  "L_corr_pw_step": 0.05
}