{
  "M1": [
    [
      0.818798588303254,
      0.3620277493294354,
      -0.1288275302451293
    ],
    [
      0.03286045876327659,
      0.9293629304937852,
      0.036189392493952574
    ],
    [
      0.048133708189572355,
      0.26424253091224353,
      0.6337149022717601
    ]
  ],
  "M2": [
    [
      0.32264872325558686,
      1.2167003452515928,
      -0.006242880188780853
    ],
    [
      1.725948954108282,
      -1.711836671708573,
      -0.014112293286831945
    ],
    [
      -0.9665656997732065,
      1.892196330982032,
      -0.9256306181432215
    ]
  ],
  "gamma": [
    0.3333333333333333,
    0.3333333333333333,
    0.3333333333333333
  ],
  "transfer": "naka_rushton",
  "nr_n": 0.86,
  "nr_sigma": 0.11,
  "nr_s": 0.75,
  "cross_d": 0,
  "cross_k": 0,
  "cross_d2": 0,
  "cross_k2": 0,
  "hue_correction": [
    0,
    0,
    0,
    0
  ],
  "chroma_power": 0.87,
  "chroma_k": 0.1,
  "L_corr": [
    0,
    0,
    0
  ]
}