{
  "M1": [
    [
      0.818798588303254,
      0.3620277493294354,
      -0.1288275302451293
    ],
    [
      0.03286045876327659,
      0.9293629304937852,
      0.036189392493952574
    ],
    [
      0.048133708189572355,
      0.26424253091224353,
      0.6337149022717601
    ]
  ],
  "M2": [
    [
      0.2104542553,
      0.793617785,
      -0.0040720468
    ],
    [
      1.9779984951,
      -2.428592205,
      0.4505937099
    ],
    [
      0.0259040371,
      0.7827717662,
      -0.808675766
    ]
  ],
  "gamma": [
    0.3333333333333333,
    0.3333333333333333,
    0.3333333333333333
  ],
  "cross_d": 0,
  "cross_k": 0,
  "cross_d2": 0,
  "cross_k2": 0,
  "hue_correction": [
    0,
    0,
    0,
    0
  ],
  "chroma_power": 1.0,
  "chroma_k": 0.0,
  "L_corr": [
    0.000674,
    0.733048,
    -0.900806
  ]
}