{
  "M1": [
    [
      0.818798588303254,
      0.3620277493294354,
      -0.1288275302451293
    ],
    [
      0.03286045876327659,
      0.9293629304937852,
      0.036189392493952574
    ],
    [
      0.048133708189572355,
      0.26424253091224353,
      0.6337149022717601
    ]
  ],
  "M2": [
    [
      0.23375152420585715,
      0.8814712091052038,
      -0.004522822048814059
    ],
    [
      1.8436720735840726,
      -1.958520035568215,
      0.11484792038556679
    ],
    [
      -0.7169534720203349,
      1.6355399971865139,
      -0.9185864874512486
    ]
  ],
  "gamma": [
    0.3333333333333333,
    0.3333333333333333,
    0.3333333333333333
  ],
  "transfer": "softcbrt",
  "softcbrt_eps": 0.001,
  "cross_d": 0,
  "cross_k": 0,
  "cross_d2": 0,
  "cross_k2": 0,
  "hue_correction": [
    0,
    0,
    0,
    0.1
  ],
  "chroma_power": 1.0,
  "chroma_k": 0.0,
  "L_corr": [
    0,
    0,
    0
  ],
  "L_corr_pw": [
    -0.005260789232099389,
    -0.010521578464198779,
    -0.015782367696298167,
    -0.011706607218407175,
    -0.007664262783188651,
    -0.004640483810646891,
    -0.0017566730551816054,
    0.0006289630159775899,
    0.0030440133372129606,
    0.005555385357455354,
    0.008187876678489968,
    0.01116576341143981,
    0.014310881316065322,
    0.017802694411488823,
    0.021445267250005496,
    0.025284864087650696,
    0.02913596615750841,
    0.03299577686576412,
    0.03412885272236266
  ],
  "L_corr_pw_step": 0.05
}