{
  "M1": [
    [
      6.213663274448127,
      -0.5041794153770129,
      -0.40416891025666857
    ],
    [
      -1.1592256796157883,
      4.350194381717271,
      0.5254938968299478
    ],
    [
      0.0008170122534259527,
      0.7226718820884986,
      2.227799849833172
    ]
  ],
  "M2": [
    [
      0.22737057622665235,
      0.20839674969224095,
      0.19539471431903682
    ],
    [
      0.41310354375551217,
      -0.34607641922765364,
      -0.1116017388125733
    ],
    [
      -0.06562978646914985,
      0.4415909573162694,
      -0.39460554549689203
    ]
  ],
  "gamma": [
    0.3333333333333333,
    0.3333333333333333,
    0.3333333333333333
  ],
  "L_corr": [
    -0.1145768739281969,
    -0.14145849851374187,
    0.954944936293711
  ],
  "cross_d": -0.3,
  "cross_k": 1.09,
  "architecture": "helmlab_v8_cp095",
  "hue_correction": [
    -0.11069688277922399,
    -0.01376586513992024,
    -0.028840037624791197,
    0.17438462579144384
  ],
  "L_corr_5": [
    -0.1145768739281969,
    -0.14145849851374187,
    0.954944936293711,
    1.2512088926233647,
    -2.2172544817790296
  ],
  "L_corr_7": [
    -0.390372990348343,
    -0.8516632899593976,
    1.815110700309047,
    4.3826589155737015,
    -1.2760889186864754,
    -4.382488948026106,
    -5.552872242864268
  ],
  "chroma_power": 0.95
}