{
  "M1": [
    [
      0.818798588303254,
      0.3620277493294354,
      -0.1288275302451293
    ],
    [
      0.03286045876327659,
      0.9293629304937852,
      0.036189392493952574
    ],
    [
      0.048133708189572355,
      0.26424253091224353,
      0.6337149022717601
    ]
  ],
  "M2": [
    [
      0.3355009504303043,
      1.2651657756520207,
      -0.0064915559424028385
    ],
    [
      1.7259489531804297,
      -1.7118366726364254,
      -0.014112294214683963
    ],
    [
      -0.9665656986596939,
      1.8921963320955446,
      -0.9256306170297088
    ]
  ],
  "gamma": [
    0.3333333333333333,
    0.3333333333333333,
    0.3333333333333333
  ],
  "transfer": "naka_rushton",
  "nr_n": 0.86,
  "nr_sigma": 0.15,
  "nr_s": 0.75,
  "cross_d": 0,
  "cross_k": 0,
  "cross_d2": 0,
  "cross_k2": 0,
  "hue_correction": [
    0,
    0,
    0,
    0
  ],
  "chroma_power": 1.0,
  "chroma_k": 0.0,
  "L_corr": [
    0,
    0,
    0
  ]
}