{
  "M1": [
    [
      6.213663274448127,
      -0.5041794153770129,
      -0.40416891025666857
    ],
    [
      -1.1592256796157883,
      4.350194381717271,
      0.5254938968299478
    ],
    [
      0.0008170122534259527,
      0.7226718820884986,
      2.227799849833172
    ]
  ],
  "M2": [
    [
      0.22737097719602728,
      0.20839547928129443,
      0.19539352317001782
    ],
    [
      -1.4465911760993873,
      1.0555928388355305,
      0.5575009446093586
    ],
    [
      1.6822485159093452,
      -1.2220052060634214,
      -0.654239333387824
    ]
  ],
  "gamma": [
    0.3333333333333333,
    0.3333333333333333,
    0.3333333333333333
  ],
  "L_corr_5": [
    -0.11471830616806894,
    -0.14163826502584548,
    0.9556075962152102,
    1.2516767676624272,
    -2.2182845512584897
  ],
  "L_corr": [
    -0.11471830616806894,
    -0.14163826502584548,
    0.9556075962152102
  ],
  "hue_correction": [
    0,
    0,
    0,
    0
  ],
  "cross_d": -0.4,
  "cross_k": 1.09,
  "chroma_power": 1.0,
  "chroma_k": 0.0,
  "architecture": "helmlab_v2_d040"
}