{
  "M1": [
    [
      0.818798588303254,
      0.3620277493294354,
      -0.1288275302451293
    ],
    [
      0.03286045876327659,
      0.9293629304937852,
      0.036189392493952574
    ],
    [
      0.048133708189572355,
      0.26424253091224353,
      0.6337149022717601
    ]
  ],
  "M2": [
    [
      0.21045426237453832,
      0.7936178116779089,
      -0.004072046936884146
    ],
    [
      1.7259489469426885,
      -1.7118366788741664,
      -0.014112300452425341
    ],
    [
      -0.9665656911737989,
      1.8921963395814396,
      -0.9256306095438138
    ]
  ],
  "gamma": [
    0.3333333333333333,
    0.3333333333333333,
    0.3333333333333333
  ],
  "transfer": "cielab_delta",
  "cielab_delta": 0.008856,
  "cielab_kappa": 903.3,
  "cross_d": 0,
  "cross_k": 0,
  "cross_d2": 0,
  "cross_k2": 0,
  "hue_correction": [
    0,
    0,
    0,
    0.08
  ],
  "chroma_power": 0.87,
  "chroma_k": 0.1,
  "L_corr": [
    0,
    0,
    0
  ]
}