{
  "M1": [
    [
      0.818798588303254,
      0.3620277493294354,
      -0.1288275302451293
    ],
    [
      0.03286045876327659,
      0.9293629304937852,
      0.036189392493952574
    ],
    [
      0.048133708189572355,
      0.26424253091224353,
      0.6337149022717601
    ]
  ],
  "M2": [
    [
      0.24977023247611654,
      0.9418773613014736,
      -0.004832765554869853
    ],
    [
      1.7259489449601408,
      -1.7118366808567138,
      -0.014112302434972968
    ],
    [
      -0.9665656887945494,
      1.8921963419606889,
      -0.9256306071645644
    ]
  ],
  "gamma": [
    0.3333333333333333,
    0.3333333333333333,
    0.3333333333333333
  ],
  "transfer": "softcbrt",
  "softcbrt_eps": 0.004,
  "cross_d": 0,
  "cross_k": 0,
  "cross_d2": 0,
  "cross_k2": 0,
  "hue_correction": [
    0,
    0,
    0,
    0.08
  ],
  "chroma_power": 0.87,
  "chroma_k": 0.1,
  "L_corr": [
    0,
    0,
    0
  ],
  "L_corr_pw": [
    -8.188572926338248e-05,
    -0.00016377145852676495,
    0.009168120875009437,
    0.021246658287706572,
    0.027519481521340938,
    0.033682402142505494,
    0.03722297099377619,
    0.040763539845046895,
    0.0441251427104649,
    0.047473533358545594,
    0.05154450455950037,
    0.05574448792262512,
    0.060797099002356345,
    0.0660648908752185,
    0.07190770211519552,
    0.07790514890812324,
    0.08389463452714331,
    0.0898821775497781,
    0.049000000000000044
  ],
  "L_corr_pw_step": 0.05
}