{
  "M1": [
    [
      6.213663274448127,
      -0.5041794153770129,
      -0.40416891025666857
    ],
    [
      -1.1592256796157883,
      4.350194381717271,
      0.5254938968299478
    ],
    [
      0.0008170122534259527,
      0.7226718820884986,
      2.227799849833172
    ]
  ],
  "M2": [
    [
      0.2273717790685228,
      0.20839293853582147,
      0.19539114094363194
    ],
    [
      -1.4465871537356572,
      1.0556019501386458,
      0.5575130063877201
    ],
    [
      1.6822374172128784,
      -1.222015046436182,
      -0.6542466935201701
    ]
  ],
  "gamma": [
    0.3333333333333333,
    0.3333333333333333,
    0.3333333333333333
  ],
  "L_corr_5": [
    -0.11471835701418655,
    -0.14163832048673633,
    0.9556078110359645,
    1.2516768904784854,
    -2.2182848545489957
  ],
  "L_corr": [
    -0.11471835701418655,
    -0.14163832048673633,
    0.9556078110359645
  ],
  "hue_correction": [
    0,
    0,
    0,
    0
  ],
  "cross_d": -0.6,
  "cross_k": 1.09,
  "architecture": "helmlab_v2_d060"
}