{
  "M1": [
    [
      0.818798588303254,
      0.3620277493294354,
      -0.1288275302451293
    ],
    [
      0.03286045876327659,
      0.9293629304937852,
      0.036189392493952574
    ],
    [
      0.048133708189572355,
      0.26424253091224353,
      0.6337149022717601
    ]
  ],
  "M2": [
    [
      0.32914433349800154,
      1.241195130616992,
      -0.006368562745609971
    ],
    [
      1.7259489536302821,
      -1.7118366721865725,
      -0.014112293764831751
    ],
    [
      -0.9665656991995601,
      1.8921963315556782,
      -0.9256306175695751
    ]
  ],
  "gamma": [
    0.3333333333333333,
    0.3333333333333333,
    0.3333333333333333
  ],
  "transfer": "naka_rushton",
  "nr_n": 0.86,
  "nr_sigma": 0.13,
  "nr_s": 0.75,
  "cross_d": 0,
  "cross_k": 0,
  "cross_d2": 0,
  "cross_k2": 0,
  "hue_correction": [
    0,
    0,
    0,
    0
  ],
  "chroma_power": 0.88,
  "chroma_k": 0.1,
  "L_corr": [
    0,
    0,
    0
  ]
}