{
  "M1": [
    [
      6.213663274448127,
      -0.5041794153770129,
      -0.40416891025666857
    ],
    [
      -1.1592256796157883,
      4.350194381717271,
      0.5254938968299478
    ],
    [
      0.0008170122534259527,
      0.7226718820884986,
      2.227799849833172
    ]
  ],
  "M2": [
    [
      0.2273717790685228,
      0.20839293853582147,
      0.19539114094363194
    ],
    [
      0.4130997662954848,
      -0.34607988138112994,
      -0.11160498495960021
    ],
    [
      -0.06562918634383319,
      0.4415915073488141,
      -0.3946050297813058
    ]
  ],
  "gamma": [
    0.3333333333333333,
    0.3333333333333333,
    0.3333333333333333
  ],
  "L_corr_5": [
    -0.1145768739281969,
    -0.14145849851374187,
    0.954944936293711,
    1.2512088926233647,
    -2.2172544817790296
  ],
  "L_corr": [
    -0.1145768739281969,
    -0.14145849851374187,
    0.954944936293711
  ],
  "hue_correction": [
    0,
    0,
    0,
    0
  ],
  "cross_d": -0.6,
  "cross_k": 1.09,
  "architecture": "helmlab_v2_d060_s2m2"
}