{
  "M1": [
    [
      0.8188344811199999,
      0.38091604037446014,
      -0.14620615674126036
    ],
    [
      0.022901221276328227,
      0.9539508722921177,
      0.02230118927782181
    ],
    [
      0.03159895135720026,
      0.24069201239487667,
      0.6697777727548333
    ]
  ],
  "M2": [
    [
      0.2337515171705931,
      0.8814711825753971,
      -0.004522821912689824
    ],
    [
      1.725948957737323,
      -1.711836668079532,
      -0.014112289657790655
    ],
    [
      -0.966565704128408,
      1.8921963266268302,
      -0.925630622498423
    ]
  ],
  "gamma": [
    0.3333333333333333,
    0.3333333333333333,
    0.3333333333333333
  ],
  "transfer": "softcbrt",
  "softcbrt_eps": 0.001,
  "cross_d": 0,
  "cross_k": 0,
  "cross_d2": 0,
  "cross_k2": 0,
  "hue_correction": [
    0,
    0,
    0,
    0.1
  ],
  "chroma_power": 1.0,
  "chroma_k": 0.0,
  "L_corr": [
    0,
    0,
    0
  ],
  "L_corr_pw": [
    -0.005260789429600145,
    -0.01052157885920029,
    -0.01578236828880043,
    -0.011706608189601817,
    -0.007664263693991497,
    -0.004640484679944635,
    -0.0017566738572240463,
    0.0006289622670853951,
    0.003044012638913211,
    0.005555384718375402,
    0.008187876087381751,
    0.011165762883739341,
    0.014310880841934917,
    0.01780269400386459,
    0.021445266904283358,
    0.02528486381044817,
    0.029135965949027787,
    0.032995776726527475,
    0.034128852622689144
  ],
  "L_corr_pw_step": 0.05
}