{
  "M1": [
    [
      0.818798588303254,
      0.3620277493294354,
      -0.1288275302451293
    ],
    [
      0.03286045876327659,
      0.9293629304937852,
      0.036189392493952574
    ],
    [
      0.048133708189572355,
      0.26424253091224353,
      0.6337149022717601
    ]
  ],
  "M2": [
    [
      0.25335596620533607,
      0.9553990743964477,
      -0.0049021453615974795
    ],
    [
      1.7259489447853087,
      -1.7118366810315457,
      -0.01411230260980506
    ],
    [
      -0.9665656885847339,
      1.8921963421705046,
      -0.9256306069547489
    ]
  ],
  "gamma": [
    0.3333333333333333,
    0.3333333333333333,
    0.3333333333333333
  ],
  "transfer": "softcbrt",
  "softcbrt_eps": 0.005,
  "cross_d": 0,
  "cross_k": 0,
  "cross_d2": 0,
  "cross_k2": 0,
  "hue_correction": [
    0,
    0,
    0,
    0.08
  ],
  "chroma_power": 0.87,
  "chroma_k": 0.1,
  "L_corr": [
    0,
    0,
    0
  ]
}