{"M1": [[0.8241829891252608, 0.36440843554326735, -0.13571415300566114], [0.03286046182049214, 0.9293630169582751, 0.036189395860879804], [0.04813370946146968, 0.26424253789465524, 0.6337149190172036]], "M2": [[0.2337515171705931, 0.8814711825753971, -0.004522821912689824], [1.867570288000307, -2.014406466522118, 0.14683617852181108], [-0.6521735079641363, 1.5661922948078826, -0.9140187868437465]], "gamma": [0.3333333333333333, 0.3333333333333333, 0.3333333333333333], "transfer": "softcbrt", "softcbrt_eps": 0.001, "cross_d": 0, "cross_k": 0, "cross_d2": 0, "cross_k2": 0, "hue_correction": [0, 0, 0, 0.1], "chroma_power": 1.0, "chroma_k": 0.0, "L_corr": [0, 0, 0], "L_corr_pw": [-0.005260789429600145, -0.01052157885920029, -0.01578236828880043, -0.011706608189601817, -0.007664263693991496, -0.004640484679944634, -0.0017566738572240461, 0.0006289622670853951, 0.0030440126389132106, 0.005555384718375401, 0.008187876087381751, 0.011165762883739341, 0.014310880841934916, 0.017802694003864587, 0.021445266904283358, 0.02528486381044817, 0.029135965949027804, 0.032995776726527516, 0.034128852622689186], "L_corr_pw_step": 0.05}