{
  "M1": [
    [
      6.213663274448127,
      -0.5041794153770129,
      -0.40416891025666857
    ],
    [
      -1.1592256796157883,
      4.350194381717271,
      0.5254938968299478
    ],
    [
      0.0008170122534259527,
      0.7226718820884986,
      2.227799849833172
    ]
  ],
  "M2": [
    [
      0.22737057622665235,
      0.20839674969224095,
      0.19539471431903682
    ],
    [
      0.41310354375551217,
      -0.34607641922765364,
      -0.1116017388125733
    ],
    [
      -0.06562978646914985,
      0.4415909573162694,
      -0.39460554549689203
    ]
  ],
  "gamma": [
    0.3333333333333333,
    0.3333333333333333,
    0.3333333333333333
  ],
  "L_corr": [
    0,
    0,
    0
  ],
  "cross_d": -0.3,
  "cross_k": 1.09,
  "architecture": "helmlab_v6",
  "hue_correction": [
    -0.11069688277922399,
    -0.01376586513992024,
    -0.028840037624791197,
    0.17438462579144384
  ],
  "L_corr_5": [
    -0.1145768739281969,
    -0.14145849851374187,
    0.954944936293711,
    1.2512088926233647,
    -2.2172544817790296
  ],
  "chroma_power": 0.85,
  "chroma_k": 0.08,
  "L_corr_pw": [
    -0.02857829241686749,
    -0.03946376255774829,
    -0.04062673625050024,
    -0.037465054957626115,
    -0.033281680514596484,
    -0.029781139604591944,
    -0.027545216490312385,
    -0.026457048297280683,
    -0.026051522916853864,
    -0.02577862537093506,
    -0.025175124254162573,
    -0.023948735643136265,
    -0.021987647636021013,
    -0.019317034459654825,
    -0.016032934855061853,
    -0.01225261522606702,
    -0.008129283809480081,
    -0.003987767899100492,
    -0.000646511929585869
  ],
  "L_corr_pw_step": 0.05
}