{
  "architecture": "HueDep_M1_cbrt_M2rot_Lcorr",
  "M1": [
    [
      1.1176017238540632,
      0.1841370225803778,
      -0.2262831966899785
    ],
    [
      0.7313203619859893,
      0.379698096147721,
      -0.06869406666288051
    ],
    [
      0.15152875939456878,
      0.22605359578923684,
      0.5785318775832842
    ]
  ],
  "M1_inv": [
    [
      1.4825538254269721,
      -0.9939411099902709,
      0.46185728456329883
    ],
    [
      -2.7325676578722615,
      4.291767882305383,
      -0.5592002244331211
    ],
    [
      0.6794045723784565,
      -1.416618393101116,
      1.8260438207226597
    ]
  ],
  "M2_L": [
    0.42358932515886033,
    0.15571246044101508,
    0.40699880838250624
  ],
  "M2_a": [
    1.1791246213876128,
    -1.3596031256010144,
    0.18045723347115977
  ],
  "M2_b": [
    -0.8581529363790863,
    1.4046732940178632,
    -0.5455179472285687
  ],
  "M2_full": [
    [
      0.42358932515886033,
      0.15571246044101508,
      0.40699880838250624
    ],
    [
      1.1791246213876128,
      -1.3596031256010144,
      0.18045723347115977
    ],
    [
      -0.8581529363790863,
      1.4046732940178632,
      -0.5455179472285687
    ]
  ],
  "M2_inv": [
    [
      1.0126932336362686,
      1.362091719391721,
      1.2061275822456314
    ],
    [
      1.013044392783165,
      0.245167526925099,
      0.8369112632620783
    ],
    [
      1.0154583087781646,
      -1.5114126586858019,
      -1.575484417609446
    ]
  ],
  "rotation_fourier": {
    "c1": 0.5,
    "s1": -0.5,
    "c2": -0.3,
    "s2": -0.12969827071033985
  },
  "L_corr": [
    0.22539439529217803,
    -0.16426434265585294,
    -0.5704968835583092
  ],
  "loss": 36.28652478143441,
  "generation": 300,
  "seed": "oklab_lcorr",
  "n_params": 22
}