{
  "M1": [
    [
      -0.02743157354681501,
      0.3921324896092976,
      0.5822216490175176
    ],
    [
      -0.12980510995712197,
      0.4888835661205868,
      0.5827285221204036
    ],
    [
      -0.16547433733298272,
      0.4698031669868773,
      0.6313889463166911
    ]
  ],
  "M2": [
    [
      -19.723458904919575,
      40.015476804206784,
      -19.447357027683186
    ],
    [
      0.9020059933078268,
      -0.2108764655261206,
      -0.684043392665516
    ],
    [
      0.3907032949113665,
      0.66484281905192,
      -1.0483637069974017
    ]
  ],
  "M1_inv": [
    [
      7.032992095651905,
      5.2264862614036485,
      -11.309008357055554
    ],
    [
      -2.915124656271022,
      15.92089998703349,
      -12.00577533076247
    ],
    [
      4.012288331863046,
      -10.476648226252125,
      7.553189894389081
    ]
  ],
  "M2_inv": [
    [
      1.2277930151261673,
      52.72153523069842,
      -57.17590808124402
    ],
    [
      1.2323632798186122,
      51.366619778674675,
      -56.376623073761074
    ],
    [
      1.2391030372943372,
      52.22348452241627,
      -58.01460722450309
    ]
  ],
  "gamma": [
    0.3333333333333333,
    0.3333333333333333,
    0.3333333333333333
  ],
  "L_corr": [
    0.2615837860479532,
    -0.12312814296607846,
    -0.7861213470738402
  ],
  "architecture": "GenSpace_HybridLoss",
  "loss": 36.7891726639901,
  "generation": 300,
  "seed": "perceptual"
}