{
  "architecture": "K_Hybrid",
  "n_params": 20,
  "timestamp": "2026-03-19T14:52:37.107583",
  "seed": "rnd7",
  "phase": "final",
  "metrics": {
    "cv": 0.3021398646659983,
    "hue_rms": 23.122984661193936,
    "cusp_L_85": 0.8103030303030303,
    "cusp_C_85": 0.3547215189873418,
    "cliff_85": 0.0,
    "cusp_L_80": 0.8596969696969697,
    "cusp_L_90": 0.8201818181818181,
    "gamut_min_C": 0.1352307692307692,
    "ach_err": 2.3834068641139954e-07,
    "drift_mean": 7.856442820384391,
    "drift_max": 40.93524506248365,
    "bw": 1.3817126582894632,
    "rw_gb": 0.08448014080399119,
    "plr": 0.40307717212507743,
    "cond1": 1.9739727022270996,
    "cond2": 4.069654740321842,
    "yL": 0.9348731450091604,
    "yC": 0.4367228984502812,
    "mono_fails": 0,
    "wg_rt": 1.9984014443252818e-15,
    "loss": 12.675884658556381
  },
  "x": [
    0.6830092936552745,
    0.4765220174682625,
    0.011033833788154368,
    0.9890672864638006,
    0.11175470739746052,
    -0.024367670523828933,
    1.7661685184646103,
    1.7663998776403105,
    0.801801276211279,
    2.6726528561433156,
    -0.9930841704050408,
    0.1849971103347201,
    1.2227217042327467,
    0.5034489819072832,
    2.3011478954212947,
    0.527287294624692,
    -1.7701699537835758,
    1.6124608658506077,
    0.9781505941337514,
    -3.2835683631640222
  ]
}