{
  "architecture": "K_Hybrid",
  "n_params": 20,
  "timestamp": "2026-03-19T15:02:36.581396",
  "seed": "rnd12",
  "phase": "final",
  "metrics": {
    "cv": 0.32086452679612043,
    "hue_rms": 22.440641066170002,
    "cusp_L_85": 0.7905454545454546,
    "cusp_C_85": 0.06416455696202532,
    "cliff_85": 0.0,
    "cusp_L_80": 0.830060606060606,
    "cusp_L_90": 0.8201818181818181,
    "gamut_min_C": 0.054692307692307686,
    "ach_err": 4.0212432753661155e-07,
    "drift_mean": 6.706552749903067,
    "drift_max": 35.160273467468706,
    "bw": 1.0947006543762878,
    "rw_gb": 0.08976712455452807,
    "plr": 0.4453682343501474,
    "cond1": 3.2380859170875738,
    "cond2": 7.597589525410645,
    "yL": 0.9669382285567252,
    "yC": 0.36707134883420256,
    "mono_fails": 0,
    "wg_rt": 2.5353319443865985e-10,
    "loss": 7.562229461438843
  },
  "x": [
    1.5850515441177322,
    -0.25696260526183323,
    0.07433394049715503,
    0.9363803951976308,
    -0.00788230953691027,
    0.3889030358720902,
    1.8576950822217597,
    1.8580574656684519,
    0.49092697597139434,
    1.6446137389905289,
    0.7208736559606059,
    0.7724292853601291,
    0.6913277801576143,
    0.40216782655217287,
    0.6628233418267371,
    0.2004253764038566,
    -3.128120495545801,
    2.490902788501103,
    1.1340781616789002,
    -10.347074136068755
  ]
}