{
  "M1": [
    [
      0.6830092936552745,
      0.4765220174682625,
      -0.11544672796376966
    ],
    [
      0.011033833788154368,
      0.9890672864638006,
      0.00040904965474157913
    ],
    [
      0.11175470739746052,
      -0.024367670523828933,
      0.8432429064075794
    ]
  ],
  "M2": [
    [
      0.5099288159569805,
      0.5099956140621965,
      0.2314963556063441
    ],
    [
      2.182211919047739,
      -1.793322510706291,
      -0.38888940834144814
    ],
    [
      0.15104950806980827,
      0.7890700545320433,
      -0.9401195626018515
    ]
  ],
  "M1_inv": [
    [
      1.442883506529964,
      -0.6902907036790562,
      0.19787719714909216
    ],
    [
      -0.016017238867088755,
      1.0187042919569052,
      -0.0026870530898164026
    ],
    [
      -0.191687739857683,
      0.12092207996253333,
      1.1595956598951496
    ]
  ],
  "M2_inv": [
    [
      0.7990917295657282,
      0.26550479281975997,
      0.08694087927702929
    ],
    [
      0.7990917295657282,
      -0.2062536583317018,
      0.28208825440517304
    ],
    [
      0.7990917295657282,
      -0.13045597811218945,
      -0.8129606691222406
    ]
  ],
  "n": 0.7116185375000299,
  "sigma": 0.17030404254932502,
  "s_gain": 1.0,
  "c1": 0.2,
  "k": 0.5,
  "cp": 0.8554208819536075,
  "architecture": "K_Hybrid"
}