{
  "M1": [
    [
      0.8643414437343342,
      0.08308214663653324,
      0.08760526559453188
    ],
    [
      0.4007991061483409,
      0.6407443249234177,
      -0.01992216539242236
    ],
    [
      -0.2279763781256232,
      0.6347838845937304,
      0.534427618198737
    ]
  ],
  "M2": [
    [
      0.32295917122077916,
      1.0995956580693964,
      0.006213407004447418
    ],
    [
      1.847134336297158,
      -0.39488709661468113,
      -1.4522472396824766
    ],
    [
      -1.580434690108933,
      2.6076634841095325,
      -1.0272287940006
    ]
  ],
  "M1_inv": [
    [
      1.093976758862992,
      0.03453442167118681,
      -0.1780411805341789
    ],
    [
      -0.6459406757862067,
      1.4847094288816203,
      0.16123124690458654
    ],
    [
      1.2339062731347055,
      -1.748780479450458,
      1.6037042063157525
    ]
  ],
  "M2_inv": [
    [
      0.6999035774993195,
      0.19126663268668972,
      -0.26617016108640695
    ],
    [
      0.6999035774993198,
      -0.05374266420492098,
      0.08021233635279368
    ],
    [
      0.6999035774993196,
      -0.43069976905655355,
      -0.360356588159124
    ]
  ],
  "p": 0.2679334586465365,
  "alpha": 0.9959765882810662,
  "nr_n": 0.7179890461675841,
  "nr_sigma": 0.3099235501815802,
  "c1": 0.2,
  "k": 0.5,
  "cp": 0.862446864627837,
  "architecture": "K_Hybrid"
}