{
  "architecture": "K_Hybrid",
  "n_params": 20,
  "timestamp": "2026-03-19T05:40:13.618589",
  "seed": "ok_a80",
  "phase": "final",
  "metrics": {
    "cv": 0.2175540836424344,
    "hue_rms": 14.655067098911804,
    "cusp_L_85": 0.830060606060606,
    "cusp_C_85": 0.25365822784810127,
    "cliff_85": 0.0,
    "cusp_L_80": 0.830060606060606,
    "cusp_L_90": 0.8103030303030303,
    "gamut_min_C": 0.17102564102564102,
    "ach_err": 2.3646224847021064e-07,
    "drift_mean": 10.855634375535779,
    "drift_max": 49.37253316204817,
    "bw": 0.7490673905028676,
    "rw_gb": 0.08660626896440565,
    "plr": 0.4332223634791106,
    "cond1": 3.1676189393731904,
    "cond2": 4.368319535333127,
    "yL": 0.9735607448345096,
    "yC": 0.28489406212299423,
    "mono_fails": 0,
    "wg_rt": 1.228807722242209e-09,
    "loss": 24.801773073106595
  },
  "x": [
    0.8643414437343342,
    0.08308214663653324,
    0.4007991061483409,
    0.6407443249234177,
    -0.2279763781256232,
    0.6347838845937304,
    1.4299074284964064,
    4.8684791760905455,
    0.027509969134325463,
    2.2622683051512507,
    0.7476665273196161,
    -1.9356292812802707,
    2.5702569787342924,
    -0.2184043292642226,
    5.511593522564134,
    0.5361996016204302,
    -1.1714296242342463,
    0.2827647003035665,
    1.206988159433827,
    -2.40254152745565
  ]
}