{
  "M1": [
    [
      0.6366623172647539,
      0.5043894229132184,
      -0.10058306218955125
    ],
    [
      0.08427990027827015,
      0.9125739327496971,
      0.006723318087135211
    ],
    [
      0.09496145175113213,
      -0.047057398543781215,
      0.8787408387883165
    ]
  ],
  "M2": [
    [
      0.6067142645751501,
      0.6067142658326946,
      0.23280756036767652
    ],
    [
      2.3372857204011033,
      -1.8538193602540116,
      -0.4834663601470903
    ],
    [
      1.46187639171016,
      -0.6095941627978616,
      -0.8522822289122973
    ]
  ],
  "M1_inv": [
    [
      1.661509865348435,
      -0.9081692729824036,
      0.19712940763396863
    ],
    [
      -0.15206434078021566,
      1.178486736567509,
      -0.026422395787293107
    ],
    [
      -0.18769486283138287,
      0.1612507196487891,
      1.1152741431825937
    ]
  ],
  "M2_inv": [
    [
      0.6914500380527535,
      0.20183778854019946,
      0.07438030896224829
    ],
    [
      0.6914500380527538,
      -0.4612831949605366,
      0.4505428961364672
    ],
    [
      0.691450038052754,
      0.6761345262378984,
      -1.3679899243972053
    ]
  ],
  "n": 0.7073443992768695,
  "sigma": 0.3658968843263346,
  "s_gain": 1.0,
  "c1": 0.2,
  "k": 0.5,
  "cp": 0.850648565343272,
  "architecture": "K_Hybrid",
  "p": 0.20217737,
  "alpha": 0.93687087
}