{
  "architecture": "K_Hybrid",
  "n_params": 20,
  "timestamp": "2026-03-19T06:11:45.902376",
  "seed": "rnd7",
  "phase": "final",
  "metrics": {
    "cv": 0.203979696700326,
    "hue_rms": 32.510448836903926,
    "cusp_L_85": 0.8103030303030303,
    "cusp_C_85": 0.1589113924050633,
    "cliff_85": 0.0,
    "cusp_L_80": 0.8201818181818181,
    "cusp_L_90": 0.8498181818181818,
    "gamut_min_C": 0.07258974358974359,
    "ach_err": 1.6206496434639078e-07,
    "drift_mean": 11.127074262074878,
    "drift_max": 44.180893279020665,
    "bw": 1.3871000979061847,
    "rw_gb": 0.0793301114031636,
    "plr": 0.4203933206447076,
    "cond1": 2.340815369231736,
    "cond2": 5.969764915089411,
    "yL": 0.9268884296455084,
    "yC": 0.4588283018584243,
    "mono_fails": 0,
    "wg_rt": 5.1744431628364396e-08,
    "loss": 16.493790682940293
  },
  "x": [
    0.6366623172647539,
    0.5043894229132184,
    0.08427990027827015,
    0.9125739327496971,
    0.09496145175113213,
    -0.047057398543781215,
    4.964930572595449,
    4.964930582886325,
    1.9051363079624224,
    2.862578699038046,
    -0.9689858989949336,
    1.7904256133554597,
    0.17160637726256667,
    -2.293461809994625,
    2.6973571708035156,
    0.5212629637010382,
    -1.0054037220893361,
    1.0634141770971013,
    2.009352930097698,
    -5.439294670286387
  ]
}