{
  "M1": [
    [
      1.6281425,
      0.2319601,
      -0.1701564
    ],
    [
      -0.1458467,
      1.4424444,
      0.1095482
    ],
    [
      0.0410926,
      0.3331119,
      0.8729442
    ]
  ],
  "M2": [
    [
      0.17596092224536747,
      0.7600423519162522,
      0.03636530338002165
    ],
    [
      2.0509847457759647,
      -2.5617266218560952,
      0.4423013934319365
    ],
    [
      0.05573790094505665,
      1.055051807393174,
      -1.140427434801402
    ]
  ],
  "gamma": [
    0.3333333333333333,
    0.3333333333333333,
    0.3333333333333333
  ],
  "L_corr": [
    0.06332287129099977,
    -0.050338707045806765,
    -0.15
  ],
  "architecture": "m1blend85_m2blend30_achfix"
}