{
  "M1": [
    [
      6.213663274448127,
      -0.5041794153770129,
      -1.0
    ],
    [
      -1.1592256796157883,
      4.350194381717271,
      0.5254938968299478
    ],
    [
      0.0008170122534259527,
      0.7226718820884986,
      2.227799849833172
    ]
  ],
  "M2": [
    [
      0.4675499211910323,
      0.20915320090703618,
      -0.08488334505679182
    ],
    [
      0.4329305654921178,
      -0.3071516588523594,
      -0.15318662104648464
    ],
    [
      -0.10555936572943553,
      0.4546663404719663,
      -0.3676954308907974
    ]
  ],
  "gamma": [
    0.3333333333333333,
    0.3333333333333333,
    0.3333333333333333
  ],
  "L_corr": [
    -0.03829157697436689,
    -0.0679267350521442,
    -0.08486964534182415
  ],
  "hue_correction": [
    -0.11503161075168927,
    -0.032975788336484686,
    0.0009434803059784752,
    0.15
  ],
  "chroma_power": 0.5010068541368968,
  "chroma_k": 0.07008158812325888,
  "architecture": "m1fix_fast",
  "wins_fast": 12,
  "losses_fast": 2,
  "blue_gr": 1.171092009215791,
  "rt_err": 2.2071997085593154e-07
}
