{
  "M1": [
    [
      6.213663274448127,
      -0.5041794153770129,
      -1.0
    ],
    [
      -1.1592256796157883,
      4.350194381717271,
      0.5254938968299478
    ],
    [
      0.0008170122534259527,
      0.7226718820884986,
      2.227799849833172
    ]
  ],
  "M2": [
    [
      0.4675499211910323,
      0.20915320090703618,
      -0.08488334505679182
    ],
    [
      0.299227192910604,
      -0.2061567273089367,
      -0.11242208768912841
    ],
    [
      -0.1076370606521412,
      0.505937346262702,
      -0.42007081681794545
    ]
  ],
  "gamma": [
    0.3333333333333333,
    0.3333333333333333,
    0.3333333333333333
  ],
  "L_corr": [
    -0.09298272927199554,
    0.0007531992455054731,
    0.07944461571143527
  ],
  "hue_correction": [
    -0.0992593631955708,
    -0.10109279117032866,
    -0.04138827392236677,
    0.15
  ],
  "chroma_power": 0.6494426918606183,
  "chroma_k": -0.12317323219152523,
  "architecture": "m1fix_s2",
  "wins_fast": 18,
  "losses_fast": 6,
  "blue_gr": 1.274518015528385,
  "rt_err": 3.1134853221148617e-06,
  "seed": "s2"
}