{
  "M1": [
    [
      6.213663274448127,
      -0.5041794153770129,
      -1.0
    ],
    [
      -1.1592256796157883,
      4.350194381717271,
      0.5254938968299478
    ],
    [
      0.0008170122534259527,
      0.7226718820884986,
      2.227799849833172
    ]
  ],
  "M2": [
    [
      0.4675499211910323,
      0.20915320090703618,
      -0.08488334505679182
    ],
    [
      0.3388331854926026,
      -0.21565353577349627,
      -0.14627647947365907
    ],
    [
      -0.14195238895627513,
      0.5358320669006357,
      -0.41384703778121384
    ]
  ],
  "gamma": [
    0.3333333333333333,
    0.3333333333333333,
    0.3333333333333333
  ],
  "L_corr": [
    0.009498281134935706,
    -0.02100042670390618,
    -0.049643038455071675
  ],
  "hue_correction": [
    -0.13599123470771776,
    -0.15,
    -0.011806592790302498,
    0.15
  ],
  "chroma_power": 0.6160115173513658,
  "chroma_k": -0.0048001629010563825,
  "architecture": "v7b_m1fix_m2opt",
  "wins_fast": 18,
  "losses_fast": 6,
  "blue_gr": 1.2431626570680774,
  "rt_err": 8.09429315362653e-06
}