{
  "M1": [
    [
      0.8189330101,
      0.3618667424,
      -0.1288597137
    ],
    [
      0.0329845436,
      0.9293118715,
      0.0361456387
    ],
    [
      0.0482003018,
      0.2643662691,
      0.633851707
    ]
  ],
  "M2": [
    [
      0.11829820094504112,
      0.8343460558952658,
      0.057064189966186916
    ],
    [
      2.6905101558035933,
      -3.0785064517639427,
      0.38767923661198256
    ],
    [
      -0.40387216746380306,
      1.792303724712206,
      -1.3881872297971323
    ]
  ],
  "M1_inv": [
    [
      1.2270138511035211,
      -0.5577999806518222,
      0.2812561489664678
    ],
    [
      -0.04058017842328059,
      1.11225686961683,
      -0.0716766786656012
    ],
    [
      -0.0763812845057069,
      -0.42148197841801266,
      1.5861632204407947
    ]
  ],
  "gamma": [
    0.3333333333333333,
    0.3333333333333333,
    0.3333333333333333
  ],
  "L_corr": [
    0.08487427839962879,
    -0.06759756497053408,
    -0.2
  ],
  "architecture": "M2blend_alpha0.40"
}