{
  "M1": [
    [
      0.8189330101,
      0.3618667424,
      -0.1288597137
    ],
    [
      0.0329845436,
      0.9293118715,
      0.0361456387
    ],
    [
      0.0482003018,
      0.2643662691,
      0.633851707
    ]
  ],
  "M2": [
    [
      0.11138649686841923,
      0.8374006762124109,
      0.06164940772365092
    ],
    [
      2.743948530356363,
      -3.1272500202712386,
      0.38296065111538125
    ],
    [
      -0.4361053828060883,
      1.8680186216006214,
      -1.4316505895819172
    ]
  ],
  "M1_inv": [
    [
      1.2270138511035211,
      -0.5577999806518222,
      0.2812561489664678
    ],
    [
      -0.04058017842328059,
      1.11225686961683,
      -0.0716766786656012
    ],
    [
      -0.0763812845057069,
      -0.42148197841801266,
      1.5861632204407947
    ]
  ],
  "gamma": [
    0.3333333333333333,
    0.3333333333333333,
    0.3333333333333333
  ],
  "L_corr": [
    0.09123984927960094,
    -0.07266738234332414,
    -0.215
  ],
  "architecture": "M2blend_alpha0.43"
}