{
  "M1": [
    [
      0.8189330101,
      0.3618667424,
      -0.1288597137
    ],
    [
      0.0329845436,
      0.9293118715,
      0.0361456387
    ],
    [
      0.0482003018,
      0.2643662691,
      0.633851707
    ]
  ],
  "M2": [
    [
      0.12520990502166304,
      0.8312914355781209,
      0.05247897220872289
    ],
    [
      2.6370717812508238,
      -3.029762883256647,
      0.39239782210858387
    ],
    [
      -0.37163895212151776,
      1.7165888278237906,
      -1.3447238700123472
    ]
  ],
  "M1_inv": [
    [
      1.2270138511035211,
      -0.5577999806518222,
      0.2812561489664678
    ],
    [
      -0.04058017842328059,
      1.11225686961683,
      -0.0716766786656012
    ],
    [
      -0.0763812845057069,
      -0.42148197841801266,
      1.5861632204407947
    ]
  ],
  "gamma": [
    0.3333333333333333,
    0.3333333333333333,
    0.3333333333333333
  ],
  "L_corr": [
    0.07850870751965662,
    -0.06252774759774403,
    -0.185
  ],
  "architecture": "M2blend_alpha0.37"
}