{
  "M1": [
    [
      0.8189330101,
      0.3618667424,
      -0.1288597137
    ],
    [
      0.0329845436,
      0.9293118715,
      0.0361456387
    ],
    [
      0.0482003018,
      0.2643662691,
      0.633851707
    ]
  ],
  "M2": [
    [
      0.11369039822729321,
      0.8363824694400293,
      0.060121001804496255
    ],
    [
      2.7261357388387735,
      -3.11100216410214,
      0.38453351294758165
    ],
    [
      -0.4253609776919932,
      1.8427803226378163,
      -1.4171628029869887
    ]
  ],
  "M1_inv": [
    [
      1.2270138511035211,
      -0.5577999806518222,
      0.2812561489664678
    ],
    [
      -0.04058017842328059,
      1.11225686961683,
      -0.0716766786656012
    ],
    [
      -0.0763812845057069,
      -0.42148197841801266,
      1.5861632204407947
    ]
  ],
  "gamma": [
    0.3333333333333333,
    0.3333333333333333,
    0.3333333333333333
  ],
  "L_corr": [
    0.0891179923196102,
    -0.07097744321906078,
    -0.21
  ],
  "architecture": "M2blend_alpha0.42"
}