{
  "M1": [
    [
      0.8189330101,
      0.3618667424,
      -0.1288597137
    ],
    [
      0.0329845436,
      0.9293118715,
      0.0361456387
    ],
    [
      0.0482003018,
      0.2643662691,
      0.633851707
    ]
  ],
  "M2": [
    [
      0.11599429958616717,
      0.8353642626676476,
      0.05859259588534158
    ],
    [
      2.708322947321183,
      -3.0947543079330417,
      0.38610637477978216
    ],
    [
      -0.4146165725778981,
      1.8175420236750113,
      -1.4026750163920605
    ]
  ],
  "M1_inv": [
    [
      1.2270138511035211,
      -0.5577999806518222,
      0.2812561489664678
    ],
    [
      -0.04058017842328059,
      1.11225686961683,
      -0.0716766786656012
    ],
    [
      -0.0763812845057069,
      -0.42148197841801266,
      1.5861632204407947
    ]
  ],
  "gamma": [
    0.3333333333333333,
    0.3333333333333333,
    0.3333333333333333
  ],
  "L_corr": [
    0.08699613535961949,
    -0.06928750409479743,
    -0.205
  ],
  "architecture": "M2blend_alpha0.41"
}