{
  "M1": [
    [
      0.8189330101,
      0.3618667424,
      -0.1288597137
    ],
    [
      0.0329845436,
      0.9293118715,
      0.0361456387
    ],
    [
      0.0482003018,
      0.2643662691,
      0.633851707
    ]
  ],
  "M2": [
    [
      0.09525918735630141,
      0.8445281236190822,
      0.07234824915773364
    ],
    [
      2.8686380709794914,
      -3.2409850134549285,
      0.3719506182899782
    ],
    [
      -0.5113162186047537,
      2.0446867143402576,
      -1.5330650957464151
    ]
  ],
  "M1_inv": [
    [
      1.2270138511035211,
      -0.5577999806518222,
      0.2812561489664678
    ],
    [
      -0.04058017842328059,
      1.11225686961683,
      -0.0716766786656012
    ],
    [
      -0.0763812845057069,
      -0.42148197841801266,
      1.5861632204407947
    ]
  ],
  "gamma": [
    0.3333333333333333,
    0.3333333333333333,
    0.3333333333333333
  ],
  "L_corr": [
    0.10609284799953597,
    -0.0844969562131676,
    -0.25
  ],
  "architecture": "M2blend_alpha0.5"
}