{
  "M1": [
    [
      0.8189330101,
      0.3618667424,
      -0.1288597137
    ],
    [
      0.0329845436,
      0.9293118715,
      0.0361456387
    ],
    [
      0.0482003018,
      0.2643662691,
      0.633851707
    ]
  ],
  "M2": [
    [
      0.12981770773941098,
      0.8292550220333577,
      0.04942216037041354
    ],
    [
      2.601446198215644,
      -2.99726717091845,
      0.39554354577298473
    ],
    [
      -0.3501501418933276,
      1.66611222989818,
      -1.3157482968224907
    ]
  ],
  "M1_inv": [
    [
      1.2270138511035211,
      -0.5577999806518222,
      0.2812561489664678
    ],
    [
      -0.04058017842328059,
      1.11225686961683,
      -0.0716766786656012
    ],
    [
      -0.0763812845057069,
      -0.42148197841801266,
      1.5861632204407947
    ]
  ],
  "gamma": [
    0.3333333333333333,
    0.3333333333333333,
    0.3333333333333333
  ],
  "L_corr": [
    0.07426499359967517,
    -0.05914786934921732,
    -0.175
  ],
  "architecture": "M2blend_alpha0.35"
}