{
  "M1": [
    [
      0.8189330101,
      0.3618667424,
      -0.1288597137
    ],
    [
      0.0329845436,
      0.9293118715,
      0.0361456387
    ],
    [
      0.0482003018,
      0.2643662691,
      0.633851707
    ]
  ],
  "M2": [
    [
      0.12060210230391509,
      0.8333278491228842,
      0.055535784047032244
    ],
    [
      2.6726973642860035,
      -3.0622585955948445,
      0.38925209844418296
    ],
    [
      -0.393127762349708,
      1.7670654257494007,
      -1.3736994432022038
    ]
  ],
  "M1_inv": [
    [
      1.2270138511035211,
      -0.5577999806518222,
      0.2812561489664678
    ],
    [
      -0.04058017842328059,
      1.11225686961683,
      -0.0716766786656012
    ],
    [
      -0.0763812845057069,
      -0.42148197841801266,
      1.5861632204407947
    ]
  ],
  "gamma": [
    0.3333333333333333,
    0.3333333333333333,
    0.3333333333333333
  ],
  "L_corr": [
    0.08275242143963805,
    -0.06590762584627073,
    -0.195
  ],
  "architecture": "M2blend_alpha0.39"
}