{
  "M1": [
    [
      0.8189330101,
      0.3618667424,
      -0.1288597137
    ],
    [
      0.0329845436,
      0.9293118715,
      0.0361456387
    ],
    [
      0.0482003018,
      0.2643662691,
      0.633851707
    ]
  ],
  "M2": [
    [
      0.14133721453378084,
      0.8241639881714493,
      0.041780130774640184
    ],
    [
      2.5123822406276948,
      -2.9160278900729573,
      0.4034078549339869
    ],
    [
      -0.29642811632285226,
      1.5399207350841544,
      -1.2433093638478492
    ]
  ],
  "M1_inv": [
    [
      1.2270138511035211,
      -0.5577999806518222,
      0.2812561489664678
    ],
    [
      -0.04058017842328059,
      1.11225686961683,
      -0.0716766786656012
    ],
    [
      -0.0763812845057069,
      -0.42148197841801266,
      1.5861632204407947
    ]
  ],
  "gamma": [
    0.3333333333333333,
    0.3333333333333333,
    0.3333333333333333
  ],
  "L_corr": [
    0.06365570879972159,
    -0.050698173727900565,
    -0.15
  ],
  "architecture": "M2blend_alpha0.3"
}