{
  "M1": [
    [
      0.8189330101,
      0.3618667424,
      -0.1288597137
    ],
    [
      0.0329845436,
      0.9293118715,
      0.0361456387
    ],
    [
      0.0482003018,
      0.2643662691,
      0.633851707
    ]
  ],
  "M2": [
    [
      0.12290600366278909,
      0.8323096423505025,
      0.054007378127877564
    ],
    [
      2.6548845727684136,
      -3.0460107394257454,
      0.39082496027638347
    ],
    [
      -0.3823833572356129,
      1.7418271267865957,
      -1.3592116566072756
    ]
  ],
  "M1_inv": [
    [
      1.2270138511035211,
      -0.5577999806518222,
      0.2812561489664678
    ],
    [
      -0.04058017842328059,
      1.11225686961683,
      -0.0716766786656012
    ],
    [
      -0.0763812845057069,
      -0.42148197841801266,
      1.5861632204407947
    ]
  ],
  "gamma": [
    0.3333333333333333,
    0.3333333333333333,
    0.3333333333333333
  ],
  "L_corr": [
    0.08063056447964734,
    -0.06421768672200738,
    -0.19
  ],
  "architecture": "M2blend_alpha0.38"
}