{
  "M1": [
    [
      0.8189330101,
      0.3618667424,
      -0.1288597137
    ],
    [
      0.0329845436,
      0.9293118715,
      0.0361456387
    ],
    [
      0.0482003018,
      0.2643662691,
      0.633851707
    ]
  ],
  "M2": [
    [
      0.10677869415067127,
      0.8394370897571741,
      0.06470621956196028
    ],
    [
      2.7795741133915426,
      -3.159745732609436,
      0.3798149274509804
    ],
    [
      -0.45759419303427845,
      1.918495219526232,
      -1.4606261627717738
    ]
  ],
  "M1_inv": [
    [
      1.2270138511035211,
      -0.5577999806518222,
      0.2812561489664678
    ],
    [
      -0.04058017842328059,
      1.11225686961683,
      -0.0716766786656012
    ],
    [
      -0.0763812845057069,
      -0.42148197841801266,
      1.5861632204407947
    ]
  ],
  "gamma": [
    0.3333333333333333,
    0.3333333333333333,
    0.3333333333333333
  ],
  "L_corr": [
    0.09548356319958237,
    -0.07604726059185085,
    -0.225
  ],
  "architecture": "M2blend_alpha0.45"
}