{
  "M1": [
    [
      1.6281425,
      0.2319601,
      -0.1701564
    ],
    [
      -0.1458467,
      1.4424444,
      0.1095482
    ],
    [
      0.0410926,
      0.3331119,
      0.8729442
    ]
  ],
  "M2": [
    [
      0.09547647845122498,
      0.6816996747208406,
      0.13071912046673884
    ],
    [
      2.2734791327166617,
      -2.8221186672269556,
      0.4719962731915197
    ],
    [
      0.14199088878308397,
      1.706394587154972,
      -1.8988781777576964
    ]
  ],
  "M1_inv": [
    [
      0.5994627808948352,
      -0.12706690650366997,
      0.1327947188584325
    ],
    [
      0.06462824961888516,
      0.7002595722299555,
      -0.07528002978553583
    ],
    [
      -0.05288072627599819,
      -0.2612346665875265,
      1.1680240197366045
    ]
  ],
  "M2_inv": [
    [
      1.1432572928769034,
      0.38101223616764107,
      0.1734086721099625
    ],
    [
      1.1007330601590168,
      -0.050179648373908724,
      0.06330171776055928
    ],
    [
      1.0746434809687926,
      -0.016602441741224126,
      -0.4567748737859581
    ]
  ],
  "gamma": [
    0.3333333333333333,
    0.3333333333333333,
    0.3333333333333333
  ],
  "L_corr": [
    0.2110762376366659,
    -0.16779569015268922,
    -0.5
  ],
  "architecture": "M2fit_COMBVD_m1blend85",
  "m1_source": "m1blend85",
  "loss": 38.65963523339717,
  "generation": 300,
  "seed": "oklab_lcorr"
}