{
  "M1": [
    [
      6.213663274448127,
      -0.5041794153770129,
      -0.40416891025666857
    ],
    [
      -1.1592256796157883,
      4.350194381717271,
      0.5254938968299478
    ],
    [
      0.0008170122534259527,
      0.7226718820884986,
      2.227799849833172
    ]
  ],
  "M2": [
    [
      0.14135536182989794,
      0.44248451775775055,
      0.060555929530941376
    ],
    [
      0.9149399950957041,
      -1.7064714839272856,
      0.7547886760066086
    ],
    [
      0.5819656597211479,
      0.48017239469115464,
      -1.189005222012548
    ]
  ],
  "M1_inv": [
    [
      0.16365742016330992,
      0.014607633522167505,
      0.026245184864418392
    ],
    [
      0.04539704864856919,
      0.24330190348550915,
      -0.049154141785126344
    ],
    [
      -0.014786283744578266,
      -0.07892961261144531,
      0.4648087545190461
    ]
  ],
  "M2_inv": [
    [
      1.6698259801006423,
      0.556276761941665,
      0.43817239434597216
    ],
    [
      1.5301086518977611,
      -0.20371036006718377,
      -0.051388438110904947
    ],
    [
      1.435231134443391,
      0.19000579404661672,
      -0.6473260239658394
    ]
  ],
  "gamma": [
    0.3333333333333333,
    0.3333333333333333,
    0.3333333333333333
  ],
  "L_corr": [
    0.21103440104169494,
    -0.16764446075590034,
    -0.5
  ],
  "architecture": "M2fit_COMBVD_v7b",
  "m1_source": "v7b",
  "loss": 38.96123352970388,
  "generation": 300,
  "seed": "rnd1"
}