{
  "M1": [
    [
      6.213663,
      -0.504179,
      -0.404169
    ],
    [
      -1.159226,
      4.350194,
      0.525494
    ],
    [
      0.000817,
      0.722672,
      2.2278
    ]
  ],
  "M2": [
    [
      -0.02366903611693072,
      0.545180367118558,
      0.14757704506083513
    ],
    [
      0.7696133897804369,
      -0.5488444430060682,
      -0.310171749587445
    ],
    [
      -0.38060063566027935,
      1.5845466241828645,
      -1.2471115092852632
    ]
  ],
  "M1_inv": [
    [
      0.16365742522258375,
      0.014607617586285133,
      0.026245193688346862
    ],
    [
      0.04539706717112009,
      0.24330192529274156,
      -0.04915414969400282
    ],
    [
      -0.014786290260837845,
      -0.07892962715626363,
      0.4648087284964633
    ]
  ],
  "M2_inv": [
    [
      1.658775924984862,
      1.288909595440625,
      -0.12427605205838393
    ],
    [
      1.5203886521614567,
      0.12086687016053985,
      0.14985426295381304
    ],
    [
      1.425530533175854,
      -0.23978659327447607,
      -0.5735248081514962
    ]
  ],
  "gamma": [
    0.3333333333333333,
    0.3333333333333333,
    0.3333333333333333
  ],
  "L_corr": [
    0.3,
    -0.3,
    -0.5
  ],
  "architecture": "M2fit_COMBVD_nlm1",
  "m1_source": "nlm1",
  "loss": 43.55840513511552,
  "generation": 300,
  "seed": "v7b_m2"
}