{
  "M1": [
    [
      0.8189330101,
      0.3618667424,
      -0.1288597137
    ],
    [
      0.0329845436,
      0.9293118715,
      0.0361456387
    ],
    [
      0.0482003018,
      0.2643662691,
      0.633851707
    ]
  ],
  "M2": [
    [
      -0.019935880587397186,
      0.8954384622381646,
      0.14876854511546728
    ],
    [
      3.7592776468589832,
      -4.053377821909857,
      0.2933075266799564
    ],
    [
      -1.0485364743095076,
      3.306601662480515,
      -2.2574544254928304
    ]
  ],
  "M1_inv": [
    [
      1.2270138511035211,
      -0.5577999806518222,
      0.2812561489664678
    ],
    [
      -0.04058017842328059,
      1.11225686961683,
      -0.0716766786656012
    ],
    [
      -0.0763812845057069,
      -0.42148197841801266,
      1.5861632204407947
    ]
  ],
  "M2_inv": [
    [
      0.9764745527556977,
      0.3000077337113604,
      0.10333020338364332
    ],
    [
      0.9762823454574707,
      0.023991928878032524,
      0.06745523442488859
    ],
    [
      0.9764572063329291,
      -0.10420467266165233,
      -0.39216645388530874
    ]
  ],
  "gamma": [
    0.3333333333333333,
    0.3333333333333333,
    0.3333333333333333
  ],
  "L_corr": [
    0.21218569599907194,
    -0.1689939124263352,
    -0.5
  ],
  "architecture": "M2fit_COMBVD_oklab",
  "m1_source": "oklab",
  "loss": 38.77325032417,
  "generation": 300,
  "seed": "oklab_lcorr"
}