{
  "M1": [
    [
      0.99796429,
      0.09658433,
      -0.04143847
    ],
    [
      -0.05062582,
      0.848038,
      0.18375718
    ],
    [
      0.11160787,
      -0.17686994,
      0.98343177
    ]
  ],
  "M2": [
    [
      0.2344339401751652,
      0.6825106811300587,
      0.11258617209558762
    ],
    [
      2.872546106427032,
      -2.999158424613909,
      0.12660765493042
    ],
    [
      0.3906855943482652,
      0.01690898946937109,
      -0.40731542463024717
    ]
  ],
  "M1_inv": [
    [
      0.9901989466199747,
      -0.10016954115036276,
      0.0604405954337107
    ],
    [
      0.08033205726185771,
      1.1268356402196211,
      -0.20716770419707747
    ],
    [
      -0.0979281655305052,
      0.2140291453083474,
      0.9727290124772325
    ]
  ],
  "M2_inv": [
    [
      0.9712256886377865,
      0.22292350287514962,
      0.3377490665309582
    ],
    [
      0.9712523249083145,
      -0.1110825933169366,
      0.23393583693379305
    ],
    [
      0.9718924371820528,
      0.20921060598602356,
      -2.121428834626047
    ]
  ],
  "gamma": [
    0.3333333333333333,
    0.3333333333333333,
    0.3333333333333333
  ],
  "L_corr": [
    0.20733053349249458,
    -0.16797880843682103,
    -0.48294686567391465
  ],
  "architecture": "M2fit_COMBVD_newm1",
  "m1_source": "newm1",
  "loss": 46.82579228378913,
  "generation": 300,
  "seed": "oklab_lcorr"
}