{
  "M1": [
    [
      0.85315236,
      0.39816738,
      -0.19200711
    ],
    [
      0.00457175,
      0.74825091,
      0.22721983
    ],
    [
      0.04609206,
      0.07654393,
      0.80788272
    ]
  ],
  "M2": [
    [
      0.19662907822585676,
      0.7637890946154071,
      0.061338910673035936
    ],
    [
      2.685940376156166,
      -4.565970471332421,
      1.8793004384795684
    ],
    [
      0.706855289427166,
      0.6346258881976421,
      -1.3408954658088688
    ]
  ],
  "M1_inv": [
    [
      1.1508607967685673,
      -0.6593597234864137,
      0.4589689204879389
    ],
    [
      0.013289521545511957,
      1.368426820989363,
      -0.3817163300725221
    ],
    [
      -0.06691909080963852,
      -0.09203504050614318,
      1.2477841400391168
    ]
  ],
  "M2_inv": [
    [
      0.9786616999385961,
      0.21104231627739917,
      0.34055000688219556
    ],
    [
      0.9786859856721158,
      -0.060948383065157215,
      -0.040651036681666496
    ],
    [
      0.9791006797783198,
      0.0824053467509116,
      -0.5854883147863705
    ]
  ],
  "gamma": [
    0.3333333333333333,
    0.3333333333333333,
    0.3333333333333333
  ],
  "L_corr": [
    0.21115944060025138,
    -0.16778218323914712,
    -0.5
  ],
  "architecture": "M2fit_COMBVD_newm1v3",
  "m1_source": "newm1v3",
  "loss": 42.86721797824341,
  "generation": 300,
  "seed": "oklab_lcorr"
}