{
  "M1": [
    [
      6.213663,
      -0.504179,
      -0.404169
    ],
    [
      -1.159226,
      4.350194,
      0.525494
    ],
    [
      0.000817,
      0.722672,
      2.2278
    ]
  ],
  "M2": [
    [
      -0.0012896218626380629,
      0.5906781690450666,
      0.06858214596769113
    ],
    [
      0.7176488999252797,
      -1.7221473904937739,
      1.001017317368678
    ],
    [
      0.4597494896738681,
      0.4849972925576367,
      -1.0524343318829779
    ]
  ],
  "M1_inv": [
    [
      0.16365742522258375,
      0.014607617586285131,
      0.026245193688346862
    ],
    [
      0.04539706717112009,
      0.24330192529274156,
      -0.04915414969400282
    ],
    [
      -0.014786290260837845,
      -0.07892962715626363,
      0.4648087284964633
    ]
  ],
  "M2_inv": [
    [
      1.6703328340968884,
      0.824383748623937,
      0.8929558741124609
    ],
    [
      1.530029313333953,
      -0.03798132553312284,
      0.0635790063850582
    ],
    [
      1.4347638582453968,
      0.34262391177302004,
      -0.5307963924131756
    ]
  ],
  "gamma": [
    0.3333333333333333,
    0.3333333333333333,
    0.3333333333333333
  ],
  "L_corr": [
    0.2110904901763565,
    -0.1680749240953996,
    -0.4999987566997408
  ],
  "architecture": "M2fit_COMBVD_nlm1",
  "m1_source": "nlm1",
  "loss": 40.42109661274478,
  "generation": 300,
  "seed": "rnd1"
}