{
  "M1": [
    [
      2.4373520894044383,
      0.10205289506689605,
      -0.21145247266700057
    ],
    [
      -0.32467852336473657,
      1.9555766245651816,
      0.18295011613898438
    ],
    [
      0.03398531493602778,
      0.4018579529965496,
      1.1120361498499518
    ]
  ],
  "M2": [
    [
      0.19371620667633638,
      0.6677880179153611,
      0.02756946417218928
    ],
    [
      2.0347286082480363,
      -2.4164166715416258,
      0.2733181786806869
    ],
    [
      -0.2446216645583554,
      1.375800829251441,
      -1.1607084575202669
    ]
  ],
  "gamma": [
    0.3333333333333333,
    0.3333333333333333,
    0.3333333333333333
  ],
  "L_corr": [
    0.07840509097349269,
    -0.06240629694740489,
    -0.185
  ],
  "architecture": "meta_beta7"
}