{
  "M1": [
    [
      1.8978790629696252,
      0.18865751084459745,
      -0.18392155301133367
    ],
    [
      -0.2054575010431576,
      1.6134883735434542,
      0.13401529032598955
    ],
    [
      0.038723643890685194,
      0.3560273916976997,
      0.9526413355666343
    ]
  ],
  "M2": [
    [
      0.16857687143257127,
      0.7233073639086628,
      0.03740103943685516
    ],
    [
      2.245573565639571,
      -2.6447526136919635,
      0.303852618738881
    ],
    [
      -0.29868939984776793,
      1.5136587545807343,
      -1.2375085485557555
    ]
  ],
  "gamma": [
    0.3333333333333333,
    0.3333333333333333,
    0.3333333333333333
  ],
  "L_corr": [
    0.08056148678220473,
    -0.06413671962178129,
    -0.19000000000000003
  ],
  "architecture": "meta_beta8"
}