{
  "M1": [
    [
      1.3584060365348125,
      0.2752621266222987,
      -0.15639063335566683
    ],
    [
      -0.0862364787215788,
      1.271400122521727,
      0.08508046451299478
    ],
    [
      0.043461972845342596,
      0.3101968303988499,
      0.7932465212833173
    ]
  ],
  "M2": [
    [
      0.1434375361888062,
      0.7788267099019643,
      0.04723261470152104
    ],
    [
      2.4624185465951007,
      -2.8673372943337934,
      0.3399935367586235
    ],
    [
      -0.3519164804882493,
      1.6523280056149563,
      -1.313513758534988
    ]
  ],
  "gamma": [
    0.3333333333333333,
    0.3333333333333333,
    0.3333333333333333
  ],
  "L_corr": [
    0.08271788259091675,
    -0.06586714229615769,
    -0.195
  ],
  "architecture": "meta_beta9"
}