{
  "M1": [
    [
      -0.8221508352317664,
      1.7568619924678122,
      0.022563404659060454
    ],
    [
      -0.9029181168999582,
      1.7622911335743559,
      0.08808119632591639
    ],
    [
      -0.31551307783641064,
      0.30879581114515836,
      0.9102338325964704
    ]
  ],
  "M2": [
    [
      1.1867810783022126,
      -0.38016460099334226,
      0.23119916294069717
    ],
    [
      1.3653165043427598,
      -2.581553703598447,
      1.2159311297945115
    ],
    [
      -0.799665418294768,
      1.28856708146788,
      -0.4897074162986473
    ]
  ],
  "gamma": [
    0.3333333333333333,
    0.3333333333333333,
    0.3333333333333333
  ],
  "L_corr": [
    0.21401520444797587,
    -0.17460648351778016,
    -0.4914327645050048
  ],
  "architecture": "MidpointOptimized",
  "loss": 1.659593790981836,
  "generation": 300,
  "seed": "rnd5"
}