{
  "M1": [
    [
      0.85315236,
      0.39816738,
      -0.19200711
    ],
    [
      0.00457175,
      0.74825091,
      0.22721983
    ],
    [
      0.04609206,
      0.07654393,
      0.80788272
    ]
  ],
  "M2": [
    [
      0.2104542553,
      0.793617785,
      -0.0040720468
    ],
    [
      1.9779984919970741,
      -2.428592208102926,
      0.45059370679707417
    ],
    [
      0.025904024948639102,
      0.7827717540486392,
      -0.8086757781513608
    ]
  ],
  "gamma": [
    0.3333333333333333,
    0.3333333333333333,
    0.3333333333333333
  ],
  "L_corr": [
    0,
    0,
    0
  ]
}