{
  "M1": [
    [
      0.99796429,
      0.09658433,
      -0.04143847
    ],
    [
      -0.05062582,
      0.848038,
      0.18375718
    ],
    [
      0.11160787,
      -0.17686994,
      0.98343177
    ]
  ],
  "M2": [
    [
      0.2188471450063078,
      0.7547302986455205,
      0.03675832981345566
    ],
    [
      2.291090705112147,
      -2.628289835817181,
      0.3371991367083343
    ],
    [
      0.15354500555335693,
      0.5146872177606601,
      -0.6682322231041975
    ]
  ],
  "gamma": [
    0.3333333333333333,
    0.3333333333333333,
    0.3333333333333333
  ],
  "L_corr": [
    0.0725656867223731,
    -0.058792582952887355,
    -0.1690314029858701
  ],
  "architecture": "newm1_blend_35"
}