{
  "M1": [
    [
      1.00527795,
      0.15711595,
      -0.10341603
    ],
    [
      -0.12304878,
      1.02846954,
      0.08126579
    ],
    [
      0.09487472,
      -0.03842975,
      0.87089277
    ]
  ],
  "M2": [
    [
      0.2104542553,
      0.793617785,
      -0.0040720468
    ],
    [
      1.977998492499932,
      -2.4285922076000683,
      0.450593707299932
    ],
    [
      0.025904024965542578,
      0.7827717540655427,
      -0.8086757781344575
    ]
  ],
  "gamma": [
    0.3333333333333333,
    0.3333333333333333,
    0.3333333333333333
  ],
  "L_corr": [
    0,
    0,
    0
  ],
  "architecture": "NewM1_OKM2_achfix"
}