{
  "M1": [
    [
      0.99796429,
      0.09658433,
      -0.04143847
    ],
    [
      -0.05062582,
      0.848038,
      0.18375718
    ],
    [
      0.11160787,
      -0.17686994,
      0.98343177
    ]
  ],
  "M2": [
    [
      0.21764816076254956,
      0.7602856538390177,
      0.030925418868676287
    ],
    [
      2.2463632467879044,
      -2.599761602594376,
      0.353398361698922
    ],
    [
      0.13531057970485172,
      0.5529850086111114,
      -0.6882955881587661
    ]
  ],
  "gamma": [
    0.3333333333333333,
    0.3333333333333333,
    0.3333333333333333
  ],
  "L_corr": [
    0.06219916004774837,
    -0.05039364253104631,
    -0.14488405970217438
  ],
  "architecture": "newm1_blend_30"
}