{
  "M1": [
    [
      0.99796429,
      0.09658433,
      -0.04143847
    ],
    [
      -0.05062582,
      0.848038,
      0.18375718
    ],
    [
      0.11160787,
      -0.17686994,
      0.98343177
    ]
  ],
  "M2": [
    [
      0.22124511349382436,
      0.7436195882585265,
      0.04842415170301443
    ],
    [
      2.3805456217606316,
      -2.68534630226279,
      0.30480068672715815
    ],
    [
      0.19001385725036724,
      0.4380916360597569,
      -0.6281054929950598
    ]
  ],
  "gamma": [
    0.3333333333333333,
    0.3333333333333333,
    0.3333333333333333
  ],
  "L_corr": [
    0.09329874007162256,
    -0.07559046379656946,
    -0.2173260895532616
  ],
  "architecture": "newm1_blend_45"
}