{
  "M1": [
    [
      0.99796429,
      0.09658433,
      -0.04143847
    ],
    [
      -0.05062582,
      0.848038,
      0.18375718
    ],
    [
      0.11160787,
      -0.17686994,
      0.98343177
    ]
  ],
  "M2": [
    [
      0.22004612925006609,
      0.7491749434520235,
      0.042591240758235054
    ],
    [
      2.335818163436389,
      -2.656818069039985,
      0.32099991171774606
    ],
    [
      0.17177943140186205,
      0.47638942691020836,
      -0.6481688580496285
    ]
  ],
  "gamma": [
    0.3333333333333333,
    0.3333333333333333,
    0.3333333333333333
  ],
  "L_corr": [
    0.08293221339699784,
    -0.06719152337472842,
    -0.19317874626956588
  ],
  "architecture": "newm1_blend_40"
}