{
  "version": "nextgen-rnd4-p2_final",
  "mode": "shared gamma (13 params)",
  "timestamp": "2026-03-18T08:48:47.989869",
  "M1": [
    [
      0.467864533554275,
      0.6384342915001183,
      -0.07634386883852404
    ],
    [
      -0.2445884873195294,
      0.9032477860154705,
      0.3023669751266246
    ],
    [
      0.7703038005155123,
      -0.053612534256736996,
      0.29523606162647803
    ]
  ],
  "M2": [
    [
      -0.3608452876842352,
      1.1262156583542529,
      0.2346296293299824
    ],
    [
      1.3398895289922046,
      -2.2221829424842108,
      0.8822934134920056
    ],
    [
      1.2690762926573913,
      0.060402423080494594,
      -1.3294787157378867
    ]
  ],
  "M1_inv": [
    [
      0.7458585558220799,
      -0.486185842101717,
      0.6907972862796371
    ],
    [
      0.804507478510875,
      0.5192562351360636,
      -0.3237637136469385
    ],
    [
      -1.799935930989385,
      1.3628058930385063,
      1.5259600379508784
    ]
  ],
  "M2_inv": [
    [
      1.0000000000000009,
      0.521001280729807,
      0.5222389945170636
    ],
    [
      1.0000000000000002,
      0.06272662914135739,
      0.2181102394791008
    ],
    [
      1.0,
      0.500180413825632,
      -0.24375304557929278
    ]
  ],
  "gamma": 0.3333333333333333,
  "metrics": {
    "cv": 0.24553578395460238,
    "hue_rms": 3.084890960096737,
    "cusp_L_85": 0.8140449438202247,
    "cusp_C_85": 0.2038813559322034,
    "cliff_85": 3.316983955441027,
    "cusp_L_80": 0.80561797752809,
    "cusp_L_90": 0.7971910112359551,
    "drift_mean": 18.495860269118467,
    "drift_max": 169.98808670540154,
    "bw": 1.193985615557762,
    "rw_gb": -0.00677217196695179,
    "plr": 0.5514437590368684,
    "cond1": 3.1528683125188377,
    "cond2": 5.503949456632915,
    "yL": 0.8383742444765891,
    "yC": 0.2049148015038479,
    "loss": 1.3246942192243578
  }
}