{
  "version": "nextgen-rnd4-p2_final",
  "mode": "per-channel gamma (15 params)",
  "timestamp": "2026-03-18T08:54:03.159399",
  "M1": [
    [
      1.0624858879360126,
      0.10103668878534244,
      -0.10185028947759008
    ],
    [
      -0.010654913512918288,
      0.8642079532544268,
      0.13401469686929704
    ],
    [
      -0.0009607031605155148,
      0.46357456621490406,
      0.4935008709514536
    ]
  ],
  "M2": [
    [
      0.16079934501731355,
      0.9526793917080866,
      -0.11347873672540013
    ],
    [
      0.9787414523291835,
      -0.8103166045510932,
      -0.16842484777809086
    ],
    [
      -0.2377849154584304,
      1.1130108157923564,
      -0.8752259003339258
    ]
  ],
  "M1_inv": [
    [
      0.9389169755271333,
      -0.2501557628550875,
      0.2617087873279543
    ],
    [
      0.013218017871213895,
      1.35090455123392,
      -0.36412256910513385
    ],
    [
      -0.010588667016825362,
      -1.2694715524212892,
      2.3688902194381143
    ]
  ],
  "M2_inv": [
    [
      1.0000000000000004,
      0.7890389973744639,
      -0.28149590826228177
    ],
    [
      1.0,
      -0.18704709183333107,
      -0.093661943419134
    ],
    [
      1.0000000000000002,
      -0.4522341116802903,
      -1.1851926170258682
    ]
  ],
  "gamma": [
    0.3333333333333333,
    0.3585669740481374,
    0.32545121367886864
  ],
  "metrics": {
    "cv": 0.21862501954981625,
    "hue_rms": 0.9992686151280884,
    "cusp_L_85": 0.898314606741573,
    "cusp_C_85": 0.10920338983050848,
    "cliff_85": 18.578302033214346,
    "cusp_L_80": 0.906741573033708,
    "cusp_L_90": 0.8898876404494382,
    "drift_mean": 12.643734166832788,
    "drift_max": 82.25653229403329,
    "bw": 1.200111025831609,
    "rw_gb": 0.0840773031296963,
    "plr": 0.4413858742631769,
    "cond1": 3.151868554999009,
    "cond2": 3.721462284534006,
    "yL": 0.9489009437541731,
    "yC": 0.12094066129588867,
    "loss": 1.104790372970946
  }
}