{
  "M1": [
    [
      6.213663,
      -0.504179,
      -0.404169
    ],
    [
      -1.159226,
      4.350194,
      0.525494
    ],
    [
      0.000817,
      0.722672,
      2.2278
    ]
  ],
  "M2": [
    [
      0.411547954670805,
      0.20065217568766003,
      -0.010614474781791368
    ],
    [
      0.2767367721602328,
      -0.3538172345091414,
      0.055344597140029955
    ],
    [
      -0.1675431663144081,
      0.4130271655505868,
      -0.24555436499813474
    ]
  ],
  "gamma": [
    0.3333333333333333,
    0.3333333333333333,
    0.3333333333333333
  ],
  "L_corr": [
    0.1707010230668431,
    -0.09381165364190826,
    -0.3
  ],
  "cross_term_d": -0.6,
  "cross_term_formula": "lms[0] += d * (1 - Y) * Z",
  "architecture": "NonlinearM1_Adam_M2"
}