{
  "M1": [
    [
      6.213663,
      -0.504179,
      -0.404169
    ],
    [
      -1.159226,
      4.350194,
      0.525494
    ],
    [
      0.000817,
      0.722672,
      2.2278
    ]
  ],
  "M2": [
    [
      0.3268980582749311,
      0.32361069134844533,
      -0.03884369774944693
    ],
    [
      0.5544368555807296,
      -0.7732012679113052,
      0.17949803224313368
    ],
    [
      0.10701537630120411,
      0.42120282661724934,
      -0.573755881493938
    ]
  ],
  "gamma": [
    0.3333333333333333,
    0.3333333333333333,
    0.3333333333333333
  ],
  "L_corr": [
    0.06332714705290694,
    -0.05042247722861987,
    -0.14999962700992223
  ],
  "cross_term_d": -0.6,
  "cross_term_formula": "lms[0] += d * (1 - Y) * Z",
  "architecture": "NLM1_blend30"
}