{
  "M1": [
    [
      6.213663,
      -0.504179,
      -0.404169
    ],
    [
      -1.159226,
      4.350194,
      0.525494
    ],
    [
      0.000817,
      0.722672,
      2.2278
    ]
  ],
  "M2": [
    [
      0.2800141039695641,
      0.3617631881622484,
      -0.023497148646998634
    ],
    [
      0.5777840517846159,
      -0.908736411927835,
      0.29688473428738527
    ],
    [
      0.15741503181798727,
      0.4303246331335353,
      -0.6421307244348302
    ]
  ],
  "gamma": [
    0.3333333333333333,
    0.3333333333333333,
    0.3333333333333333
  ],
  "L_corr": [
    0.0844361960705426,
    -0.06722996963815984,
    -0.19999950267989633
  ],
  "cross_term_d": -0.6,
  "cross_term_formula": "lms[0] += d * (1 - Y) * Z",
  "architecture": "NLM1_blend40"
}