{
  "M1": [
    [
      6.213663,
      -0.504179,
      -0.404169
    ],
    [
      -1.159226,
      4.350194,
      0.525494
    ],
    [
      0.000817,
      0.722672,
      2.2278
    ]
  ],
  "M2": [
    [
      0.3693061297294397,
      0.2763586341493406,
      -0.03839126703326644
    ],
    [
      0.5414388915313436,
      -0.403045557290587,
      -0.2001640090291863
    ],
    [
      -0.11146699933137257,
      0.6319792504912859,
      -0.5443273839940623
    ]
  ],
  "gamma": [
    0.3333333333333333,
    0.3333333333333333,
    0.3333333333333333
  ],
  "L_corr": [
    0.06,
    -0.06,
    -0.1
  ],
  "cross_term_d": -0.6,
  "architecture": "NLM1_blend20"
}