{
  "M1": [
    [
      6.213663,
      -0.504179,
      -0.404169
    ],
    [
      -1.159226,
      4.350194,
      0.525494
    ],
    [
      0.000817,
      0.722672,
      2.2278
    ]
  ],
  "M2": [
    [
      0.36969155338269194,
      0.2791525959622505,
      -0.04125156268047186
    ],
    [
      0.613617960058452,
      -0.7685042007539106,
      0.10562409094522862
    ],
    [
      0.1436306028315143,
      0.4197098728109002,
      -0.6147697951704958
    ]
  ],
  "gamma": [
    0.3333333333333333,
    0.3333333333333333,
    0.3333333333333333
  ],
  "L_corr": [
    0.06331032031250848,
    -0.0502933382267701,
    -0.15
  ],
  "cross_term_d": -0.6,
  "architecture": "NLM1_v7bBlend30_M2"
}