{
  "M1": [
    [
      6.213663,
      -0.504179,
      -0.404169
    ],
    [
      -1.159226,
      4.350194,
      0.525494
    ],
    [
      0.000817,
      0.722672,
      2.2278
    ]
  ],
  "M2": [
    [
      0.3201842339986433,
      0.3099613507704927,
      -0.015145228021503733
    ],
    [
      0.5699607038124798,
      -0.4212704180050224,
      -0.21391497659896888
    ],
    [
      -0.14510870387248617,
      0.751050172202733,
      -0.6321753996554627
    ]
  ],
  "gamma": [
    0.3333333333333333,
    0.3333333333333333,
    0.3333333333333333
  ],
  "L_corr": [
    0.09,
    -0.09,
    -0.15
  ],
  "cross_term_d": -0.6,
  "architecture": "NLM1_blend30"
}