{
  "M1": [
    [
      6.213663,
      -0.504179,
      -0.404169
    ],
    [
      -1.159226,
      4.350194,
      0.525494
    ],
    [
      0.000817,
      0.722672,
      2.2278
    ]
  ],
  "M2": [
    [
      0.4675499211910323,
      0.20915320090703618,
      -0.08488334505679182
    ],
    [
      0.4843952669690709,
      -0.366595835861716,
      -0.17266207388962101
    ],
    [
      -0.044183590249145366,
      0.3938374070683916,
      -0.3686313526712617
    ]
  ],
  "gamma": [
    0.3333333333333333,
    0.3333333333333333,
    0.3333333333333333
  ],
  "L_corr": [
    0,
    0,
    0
  ],
  "cross_term_d": -0.6,
  "cross_term_formula": "lms[0] += d * (1 - Y) * Z",
  "architecture": "NonlinearM1_CrossTerm"
}