{
  "M1": [
    [
      6.213663274448127,
      -0.5041794153770129,
      -0.40416891025666857
    ],
    [
      -1.1592256796157883,
      4.350194381717271,
      0.5254938968299478
    ],
    [
      0.0008170122534259527,
      0.7226718820884986,
      2.227799849833172
    ]
  ],
  "M2": [
    [
      0.19164212940804007,
      0.23975506900498614,
      0.20128926397156938
    ],
    [
      -1.9023972647175715,
      1.5015825458858136,
      0.02269090658315187
    ],
    [
      2.377224364894859,
      -1.869993612748397,
      -0.03594772797605983
    ]
  ],
  "gamma": [
    0.22,
    0.43,
    0.35
  ],
  "L_corr": [
    -0.11178721719311896,
    0.4048547173310971,
    -1.6800838261501632
  ],
  "hue_correction": [
    0,
    0,
    0,
    0
  ],
  "chroma_power": 1.0,
  "chroma_k": 0.0,
  "architecture": "pcg_022_043_035",
  "cusps": 360
}