{
  "M1": [
    [
      6.213663274448127,
      -0.5041794153770129,
      -0.40416891025666857
    ],
    [
      -1.1592256796157883,
      4.350194381717271,
      0.5254938968299478
    ],
    [
      0.0008170122534259527,
      0.7226718820884986,
      2.227799849833172
    ]
  ],
  "M2": [
    [
      0.20218206206601294,
      0.23157242424028782,
      0.20239671629381564
    ],
    [
      -1.8638895570851917,
      1.546528040526335,
      0.09245103852061831
    ],
    [
      2.329105331072169,
      -1.926007632983951,
      -0.12299143180557426
    ]
  ],
  "gamma": [
    0.25,
    0.4,
    0.35
  ],
  "L_corr": [
    -0.11705970980610428,
    0.3747828533587787,
    -1.7637417504883683
  ],
  "hue_correction": [
    0,
    0,
    0,
    0
  ],
  "chroma_power": 1.0,
  "chroma_k": 0.0,
  "architecture": "pcg_025_040_035",
  "cusps": 360
}