{
  "M1": [
    [
      6.213663274448127,
      -0.5041794153770129,
      -0.40416891025666857
    ],
    [
      -1.1592256796157883,
      4.350194381717271,
      0.5254938968299478
    ],
    [
      0.0008170122534259527,
      0.7226718820884986,
      2.227799849833172
    ]
  ],
  "M2": [
    [
      0.17594955256832567,
      0.250955296011226,
      0.19478742235642604
    ],
    [
      -1.951270483858007,
      1.4350851882929279,
      -0.08633544944195082
    ],
    [
      2.438296195261758,
      -1.7871948296429403,
      0.10005206024934454
    ]
  ],
  "gamma": [
    0.18,
    0.48,
    0.34
  ],
  "L_corr": [
    -0.1003680282441016,
    0.46402319336538744,
    -1.4751676871591408
  ],
  "hue_correction": [
    0,
    0,
    0,
    0
  ],
  "chroma_power": 1.0,
  "chroma_k": 0.0,
  "architecture": "pcg_018_048_034",
  "cusps": 360
}