{
  "M1": [
    [
      6.213663274448127,
      -0.5041794153770129,
      -0.40416891025666857
    ],
    [
      -1.1592256796157883,
      4.350194381717271,
      0.5254938968299478
    ],
    [
      0.0008170122534259527,
      0.7226718820884986,
      2.227799849833172
    ]
  ],
  "M2": [
    [
      0.18438650520098612,
      0.24465889102082602,
      0.19997296191674885
    ],
    [
      -1.926553192231985,
      1.4704624154607315,
      -0.022659531626354812
    ],
    [
      2.407409468978481,
      -1.8312066317368967,
      0.020638616033229473
    ]
  ],
  "gamma": [
    0.2,
    0.45,
    0.35
  ],
  "L_corr": [
    -0.10768516466887451,
    0.4293157281583475,
    -1.6016697149551966
  ],
  "hue_correction": [
    0,
    0,
    0,
    0
  ],
  "chroma_power": 1.0,
  "chroma_k": 0.0,
  "architecture": "pcg_020_045_035",
  "cusps": 360
}