{
  "architecture": "v7b_PerceptionFirst",
  "M1": [
    [
      1.0950121341679964,
      0.029974901190767435,
      -0.06497899980109205
    ],
    [
      0.02963130795952455,
      0.8944607410381713,
      0.07106305822354213
    ],
    [
      0.17868670992229452,
      -0.027313874116363393,
      0.7875219427610557
    ]
  ],
  "M2": [
    [
      -0.5574742878530847,
      2.1354777883341214,
      -0.8179127196119169
    ],
    [
      1.676187140670764,
      -1.8827432417067014,
      0.2066109154346
    ],
    [
      -0.016240084410414538,
      0.9933502332722393,
      -0.977030234226405
    ]
  ],
  "M1_inv": [
    [
      0.9014383254473839,
      -0.02786069319570716,
      0.07689236774832328
    ],
    [
      -0.013575244137062077,
      1.1153394401679333,
      -0.10176419603087127
    ],
    [
      -0.20500487962974637,
      0.04500519254713802,
      1.248829687082608
    ]
  ],
  "M2_inv": [
    [
      1.3156513580435885,
      1.0255879489507371,
      -0.8845072394421737
    ],
    [
      1.315707764711979,
      0.4277893530570378,
      -1.0109699081972445
    ],
    [
      1.3158163185229834,
      0.41788780376136553,
      -2.0366644267506593
    ]
  ],
  "L_corr": [
    0.3511860045232258,
    -0.0016168670952808053,
    -1.0
  ],
  "loss": 48.37699042394947,
  "stress": 23.49744450877634,
  "gradient_cv": 0.3897069899219272,
  "munsell_value_cv": 0.5304852022648687,
  "has_combvd": false,
  "n_percept_pairs": 2000,
  "loss_weights": {
    "stress": 0.5,
    "munsell_cv": 0.3,
    "gradient_cv": 0.2
  },
  "generation": 300,
  "seed": "rnd0",
  "n_params": 18,
  "gamma": [
    0.3333333333333333,
    0.3333333333333333,
    0.3333333333333333
  ]
}