{
  "architecture": "K_Hybrid",
  "n_params": 20,
  "timestamp": "2026-03-19T13:50:23.916551",
  "seed": "v14_a20",
  "phase": "final",
  "metrics": {
    "cv": 0.29510653372206996,
    "hue_rms": 18.952544811514148,
    "cusp_L_85": 0.02,
    "cusp_C_85": 0.5,
    "cliff_85": 0.0,
    "cusp_L_80": 0.02,
    "cusp_L_90": 0.02,
    "gamut_min_C": 0.15312820512820513,
    "ach_err": 1.1743050084963697e-07,
    "drift_mean": 9.303740858366156,
    "drift_max": 92.95547133983315,
    "bw": 1.2853471179697826,
    "rw_gb": 0.061030975162181145,
    "plr": 0.5336032474533883,
    "cond1": 2.2797510479611476,
    "cond2": 6.691630278086371,
    "yL": 0.9892151505973901,
    "yC": 0.20180299115898442,
    "mono_fails": 0,
    "wg_rt": 9.992007221626409e-16,
    "loss": 999.0
  },
  "x": [
    0.7583761294836658,
    0.38380162590825084,
    0.12671393631532843,
    0.8421628149123207,
    0.07639223722200054,
    0.258943526275451,
    0.10998988401996333,
    1.1105966438896175,
    -0.1270379885531998,
    2.892328669984577,
    -1.7822048573306597,
    0.05591360920662447,
    1.1901759991812177,
    0.0,
    -1.3862943611198906,
    0.0,
    -0.6931471805599453,
    0.0,
    0.0,
    0.0
  ]
}