{
  "architecture": "E_PowerEnriched",
  "n_params": 17,
  "timestamp": "2026-03-18T13:44:54.770517",
  "seed": "oklab",
  "phase": "final",
  "metrics": {
    "cv": 0.1741313455750778,
    "hue_rms": 13.762858687004663,
    "cusp_L_85": 0.8601610738255033,
    "cusp_C_85": 0.21905042016806725,
    "cliff_85": 0.0,
    "cusp_L_80": 0.8207785234899329,
    "cusp_L_90": 0.9126711409395973,
    "gamut_min_C": 0.15312820512820513,
    "ach_err": 4.330654507931921e-07,
    "drift_mean": 9.971765543430795,
    "drift_max": 43.909172702850825,
    "bw": 1.6262243412658122,
    "rw_gb": 0.06074972917546739,
    "plr": 0.40740535730505456,
    "cond1": 3.159894858413577,
    "cond2": 6.886326341117866,
    "yL": 0.9132887511114837,
    "yC": 0.2350224465787926,
    "mono_fails": 0,
    "wg_rt": 1.1102230246251565e-15,
    "loss": 4.293472183446513
  },
  "x": [
    0.828814640905288,
    0.3691745361800658,
    0.3409390875489977,
    0.6947005540887397,
    0.06455512900721876,
    0.23937542942871182,
    -0.184088070355599,
    0.9655120594220413,
    0.17868018089882087,
    2.3924164325798,
    -1.6047871947246586,
    -1.5016032115185118,
    1.8761385124871035,
    0.35539045468133035,
    0.2753318949856208,
    -0.32494991092019787,
    -0.17424872322684043
  ]
}