{
  "architecture": "A_SharedGamma",
  "n_params": 14,
  "timestamp": "2026-03-18T15:22:01.028771",
  "seed": "v14",
  "phase": "final",
  "metrics": {
    "cv": 0.22620851212197382,
    "hue_rms": 17.002672236678382,
    "cusp_L_85": 0.948876404494382,
    "cusp_C_85": 0.17683050847457626,
    "cliff_85": 0.0,
    "cusp_L_80": 0.9404494382022472,
    "cusp_L_90": 0.948876404494382,
    "gamut_min_C": 0.15312820512820513,
    "ach_err": 0.0,
    "drift_mean": 13.779811098985355,
    "drift_max": 81.49789975198526,
    "bw": 1.2566071491413948,
    "rw_gb": 0.05233783903340117,
    "plr": 0.4789085799880816,
    "cond1": 2.178295244957861,
    "cond2": 7.267153986974193,
    "yL": 0.9770702385814559,
    "yC": 0.1829531534551631,
    "loss": 315.00258007874316
  },
  "x": [
    0.7441534603047094,
    0.3667644384886884,
    0.08985653184831251,
    0.8256966243673954,
    0.10480071728205852,
    0.24077580889030525,
    0.022777842996180797,
    1.0427200238241883,
    -0.12941189096869987,
    2.8751981037847445,
    -1.833946229990202,
    0.06762427990901124,
    1.161396161140137,
    -0.02246064234692744
  ]
}