{
  "architecture": "E_PowerEnriched",
  "n_params": 17,
  "timestamp": "2026-03-18T13:15:54.834244",
  "seed": "v14",
  "phase": "final",
  "metrics": {
    "cv": 0.1949268805082881,
    "hue_rms": 4.072129167155771,
    "cusp_L_85": 0.847752808988764,
    "cusp_C_85": 0.3797118644067797,
    "cliff_85": 0.0,
    "cusp_L_80": 0.8140449438202247,
    "cusp_L_90": 0.8393258426966292,
    "gamut_min_C": 0.35,
    "ach_err": 9.077712285217693e-10,
    "drift_mean": 8.401457703767209,
    "drift_max": 39.57810933214198,
    "bw": 1.187190331522387,
    "rw_gb": 0.014246564166775277,
    "plr": 0.7734345385598089,
    "cond1": 3.1522505303239066,
    "cond2": 5.098793773584251,
    "yL": 0.987509962906524,
    "yC": 0.3743154638587484,
    "mono_fails": 0,
    "wg_rt": 9.996414807034171e-11,
    "loss": 1.1486864668404597
  },
  "x": [
    1.206672133804338,
    0.06625888355020189,
    -0.15022286080769945,
    1.0892505651435342,
    0.09021092578466948,
    0.4402582316326556,
    2.308851797960086,
    0.7317943146940761,
    -0.1624355309611084,
    2.1491615532969712,
    -0.6133720125950104,
    -0.2197526394731134,
    2.501509738801073,
    0.04349963039879464,
    -0.9510983605540538,
    -0.4775245956555609,
    -0.519532293432169
  ]
}