{
  "architecture": "G_PerChGammaCp",
  "n_params": 18,
  "timestamp": "2026-03-18T19:20:27.176440",
  "seed": "v14",
  "phase": "final",
  "metrics": {
    "cv": 0.22731698652598673,
    "hue_rms": 18.857899911052666,
    "cusp_L_85": 0.02,
    "cusp_C_85": 0.5,
    "cliff_85": 0.0,
    "cusp_L_80": 0.02,
    "cusp_L_90": 0.02,
    "gamut_min_C": 0.15312820512820513,
    "ach_err": 3.762582689859073e-08,
    "drift_mean": 14.492990827895815,
    "drift_max": 100.694008900966,
    "bw": 1.2776922363624401,
    "rw_gb": 0.0598973148413906,
    "plr": 0.5492500728915518,
    "cond1": 2.2797510479611476,
    "cond2": 7.073900638417272,
    "yL": 0.9882054323493664,
    "yC": 0.2026297355460859,
    "mono_fails": 0,
    "wg_rt": 8.881784197001252e-16,
    "loss": 999.0
  },
  "x": [
    0.7583761294836658,
    0.38380162590825084,
    0.12671393631532843,
    0.8421628149123207,
    0.07639223722200054,
    0.258943526275451,
    0.10058070589596232,
    1.0155897099394147,
    -0.1161704158353769,
    2.8923286699845763,
    -1.78220485733066,
    0.055913609206624415,
    1.1901759991812177,
    0.0,
    0.0,
    0.0,
    0.0,
    0.0
  ]
}