{
  "architecture": "H_NakaRushtonCp",
  "n_params": 19,
  "timestamp": "2026-03-19T18:40:18.539800",
  "seed": "v14_nr42",
  "phase": "final",
  "metrics": {
    "cv": 0.3070802367208526,
    "hue_rms": 20.095122817630333,
    "cusp_L_85": 0.02,
    "cusp_C_85": 0.5,
    "cliff_85": 0.0,
    "cusp_L_80": 0.02,
    "cusp_L_90": 0.02,
    "gamut_min_C": 0.09943589743589742,
    "ach_err": 6.73605472490879e-08,
    "drift_mean": 8.813759526591923,
    "drift_max": 87.70873105617973,
    "bw": 1.5304937156574445,
    "rw_gb": 0.08584395708705739,
    "plr": 0.4242366552012118,
    "cond1": 2.2797510479611476,
    "cond2": 6.457322337004024,
    "yL": 0.9962727767182654,
    "yC": 0.1337094600088893,
    "mono_fails": 18,
    "wg_rt": 1.7763568394002505e-15,
    "loss": 999.0
  },
  "x": [
    0.7583761294836658,
    0.38380162590825084,
    0.12671393631532843,
    0.8421628149123207,
    0.07639223722200054,
    0.258943526275451,
    0.11717146814255855,
    1.1831109782343794,
    -0.13533269683195845,
    2.892328669984577,
    -1.7822048573306597,
    0.05591360920662447,
    1.1901759991812177,
    0.0,
    -0.6931471805599453,
    0.4054651081081644,
    0.0,
    0.0,
    0.0
  ]
}