{
  "architecture": "K_Hybrid",
  "n_params": 20,
  "timestamp": "2026-03-19T07:56:24.174393",
  "seed": "v14_a20",
  "phase": "run",
  "metrics": {
    "cv": 0.2049346146751228,
    "hue_rms": 14.560386069842973,
    "cusp_L_85": 0.02,
    "cusp_C_85": 0.5,
    "cliff_85": 0.0,
    "cusp_L_80": 0.02,
    "cusp_L_90": 0.02,
    "gamut_min_C": 0.14417948717948717,
    "ach_err": 1.0870796004954556e-07,
    "drift_mean": 11.586186788872274,
    "drift_max": 63.26310100524325,
    "bw": 1.6866006227437713,
    "rw_gb": 0.06309792868935582,
    "plr": 0.393791307286941,
    "cond1": 2.458617770538621,
    "cond2": 6.475954930274792,
    "yL": 0.9598602219364771,
    "yC": 0.19080088923322294,
    "mono_fails": 0,
    "wg_rt": 8.881784197001252e-16
  },
  "x": [
    0.7714704095205442,
    0.3743092272520281,
    0.05631661145805854,
    0.8127277923527342,
    0.06641807762818731,
    0.2941620232135611,
    0.10964606899926538,
    1.1393026096872383,
    -0.09849020580692411,
    2.893868615640011,
    -1.7040247267627444,
    0.047753987003848634,
    1.2069634854116909,
    -0.025833275566198577,
    -1.3579854605562038,
    0.03602043069134391,
    -0.667106549805651,
    0.04413656938162713,
    0.004116956930729797,
    -0.01849621516507056
  ]
}