{
  "architecture": "K_Hybrid",
  "n_params": 20,
  "timestamp": "2026-03-19T07:56:00.202466",
  "seed": "ok_a20",
  "phase": "run",
  "metrics": {
    "cv": 0.20226784452064395,
    "hue_rms": 34.25426210575915,
    "cusp_L_85": 0.02,
    "cusp_C_85": 0.27892405063291137,
    "cliff_85": 15.852053551168584,
    "cusp_L_80": 0.02,
    "cusp_L_90": 0.02,
    "gamut_min_C": 0.11733333333333333,
    "ach_err": 1.5990004472180865e-07,
    "drift_mean": 8.833759280592016,
    "drift_max": 47.27256636409827,
    "bw": 1.0305150485249601,
    "rw_gb": 0.027392862836860266,
    "plr": 0.3670141031192937,
    "cond1": 2.7034067861438493,
    "cond2": 5.563585209391237,
    "yL": 0.9064227574598731,
    "yC": 0.16877680934869216,
    "mono_fails": 0,
    "wg_rt": 8.881784197001252e-16
  },
  "x": [
    0.7237853229093397,
    0.259242095677771,
    -0.04044584186672673,
    0.8468150202465657,
    0.08880083410888263,
    0.3424408791346345,
    0.23590789592823108,
    0.8474197112264231,
    0.06425887874348482,
    2.4028666450216423,
    -2.0993659850192974,
    0.11771906740793224,
    1.2780137105110552,
    0.13564025612731007,
    -1.401442872305256,
    -0.08365700399499135,
    -0.6922753890824528,
    -0.02392686286302474,
    -0.018486715107435103,
    0.005099630633826178
  ]
}