{
  "architecture": "K_Hybrid",
  "n_params": 20,
  "timestamp": "2026-03-19T07:55:51.596360",
  "seed": "v14_a20",
  "phase": "run",
  "metrics": {
    "cv": 0.2076798921646915,
    "hue_rms": 15.549218142759806,
    "cusp_L_85": 0.02,
    "cusp_C_85": 0.5,
    "cliff_85": 0.0,
    "cusp_L_80": 0.02,
    "cusp_L_90": 0.02,
    "gamut_min_C": 0.15312820512820513,
    "ach_err": 1.1529743543887914e-07,
    "drift_mean": 11.649898428777247,
    "drift_max": 69.53112616446748,
    "bw": 2.10246869159606,
    "rw_gb": 0.050499599531669825,
    "plr": 0.39288970665071354,
    "cond1": 2.529574615770885,
    "cond2": 6.375592904599886,
    "yL": 0.9610583067563554,
    "yC": 0.18979442133595134,
    "mono_fails": 0,
    "wg_rt": 1.3322676295501878e-15
  },
  "x": [
    0.8020247581046399,
    0.37319712498337687,
    0.03703796116455213,
    0.8249603661091377,
    0.095032624396582,
    0.3032750772548598,
    0.11371384304512461,
    1.1304667095934122,
    -0.10715333600389601,
    2.8335918778895355,
    -1.701972268741903,
    0.05440255624034243,
    1.231995025822027,
    0.0013680859609882714,
    -1.381515453790965,
    0.03974271949996698,
    -0.658042451389626,
    0.09985686359931373,
    -0.033213890896891834,
    -0.06895606442065769
  ]
}