{
  "architecture": "E_PowerEnriched",
  "n_params": 17,
  "timestamp": "2026-03-18T16:34:07.231993",
  "seed": "v14",
  "phase": "final",
  "metrics": {
    "cv": 0.22306459253991331,
    "hue_rms": 15.84822334254529,
    "cusp_L_85": 0.02,
    "cusp_C_85": 0.5,
    "cliff_85": 0.0,
    "cusp_L_80": 0.02,
    "cusp_L_90": 0.02,
    "gamut_min_C": 0.14417948717948717,
    "ach_err": 3.609117633108922e-08,
    "drift_mean": 13.481010291131325,
    "drift_max": 78.89695043517492,
    "bw": 1.3871367675130142,
    "rw_gb": 0.06305995451213753,
    "plr": 0.4320710944248083,
    "cond1": 2.4383347493016116,
    "cond2": 6.703745342962597,
    "yL": 0.9581576569961832,
    "yC": 0.18802056200068012,
    "mono_fails": 0,
    "wg_rt": 6.661338147750939e-16,
    "loss": 366.02068083433414
  },
  "x": [
    0.7296169515966553,
    0.3931128012230348,
    0.10606684078870944,
    0.8135799169199366,
    0.06625554963878208,
    0.2804894401655786,
    0.12695684903500826,
    1.0307139374415686,
    -0.037290641660768176,
    2.8762210063644478,
    -1.7672895387151637,
    0.09485510844825798,
    1.1596901422788723,
    -0.013129339980625385,
    0.03375707162930113,
    -0.005393734055260441,
    -0.00398111232681663
  ]
}