{
  "architecture": "A_SharedGamma",
  "n_params": 14,
  "timestamp": "2026-03-18T15:23:03.681167",
  "seed": "v14",
  "phase": "run",
  "metrics": {
    "cv": 0.2337622852670086,
    "hue_rms": 23.595033918659784,
    "cusp_L_85": 0.9320224719101124,
    "cusp_C_85": 0.2038813559322034,
    "cliff_85": 0.0,
    "cusp_L_80": 0.9235955056179775,
    "cusp_L_90": 0.9657303370786517,
    "gamut_min_C": 0.1352307692307692,
    "ach_err": 0.0,
    "drift_mean": 12.747240153458728,
    "drift_max": 82.97353839585067,
    "bw": 1.1811131555084424,
    "rw_gb": 0.06058274967983934,
    "plr": 0.6160530956178318,
    "cond1": 2.166268380414463,
    "cond2": 7.371856924785538,
    "yL": 1.0095980507951632,
    "yC": 0.2203497306015232
  },
  "x": [
    0.7507891018903119,
    0.3956027547584439,
    0.15716986369853317,
    0.8478141094068895,
    0.09696880777470354,
    0.17985164182778102,
    0.10902664944582269,
    0.9795171269681384,
    -0.1396051771047327,
    2.8973399039335326,
    -1.8179799501774017,
    0.039189472272282574,
    1.1319281841939948,
    -0.02276340168580656
  ]
}