{
  "architecture": "E_PowerEnriched",
  "n_params": 17,
  "timestamp": "2026-03-18T16:21:47.928786",
  "seed": "v14",
  "phase": "run",
  "metrics": {
    "cv": 0.21632470618973124,
    "hue_rms": 16.551292343497728,
    "cusp_L_85": 0.957303370786517,
    "cusp_C_85": 0.2038813559322034,
    "cliff_85": 39.80380746529221,
    "cusp_L_80": 0.948876404494382,
    "cusp_L_90": 0.9320224719101124,
    "gamut_min_C": 0.16207692307692306,
    "ach_err": 6.065190125363065e-08,
    "drift_mean": 13.627465418593745,
    "drift_max": 86.44132629572813,
    "bw": 1.4027285676402186,
    "rw_gb": 0.06329889859968074,
    "plr": 0.5430818981855083,
    "cond1": 2.4923068913313675,
    "cond2": 7.203785250712368,
    "yL": 0.9825850697399585,
    "yC": 0.21195378125712652,
    "mono_fails": 9,
    "wg_rt": 9.992007221626409e-16
  },
  "x": [
    0.769445653416948,
    0.375518717200138,
    0.15366051116135002,
    0.793919755397623,
    0.0677142086194246,
    0.27926263921757655,
    0.11578047762411962,
    1.0403319019801835,
    -0.13645281388785957,
    2.9009986864916186,
    -1.8063825816181434,
    0.005195695327506758,
    1.2168281460230164,
    0.056653659714073726,
    -6.915679631805783e-05,
    0.014900352356252148,
    -0.029562165058498974
  ]
}