{
  "architecture": "K_Hybrid",
  "n_params": 20,
  "timestamp": "2026-03-19T07:54:36.433300",
  "seed": "v14_a20",
  "phase": "run",
  "metrics": {
    "cv": 0.20573164247046485,
    "hue_rms": 14.175781161293735,
    "cusp_L_85": 0.02,
    "cusp_C_85": 0.5,
    "cliff_85": 0.0,
    "cusp_L_80": 0.02,
    "cusp_L_90": 0.02,
    "gamut_min_C": 0.16207692307692306,
    "ach_err": 1.1981936500999146e-07,
    "drift_mean": 11.620322539449008,
    "drift_max": 67.56915409147508,
    "bw": 1.6460959878623103,
    "rw_gb": 0.05015253011424359,
    "plr": 0.49380992823924863,
    "cond1": 2.5505454303830395,
    "cond2": 6.74774257704671,
    "yL": 0.9791500990907829,
    "yC": 0.18704933742535831,
    "mono_fails": 0,
    "wg_rt": 1.5543122344752192e-15
  },
  "x": [
    0.8203132803251874,
    0.3502796258560821,
    0.1452339080441092,
    0.7860938573194091,
    0.1289320846020567,
    0.28577375121794263,
    0.09106502087263275,
    1.0853640142545848,
    -0.15012133797505442,
    2.895607007263117,
    -1.7292253539487812,
    0.026061050831353606,
    1.2293443631438905,
    0.0700123188323237,
    -1.3214330161407297,
    0.0014727423645729681,
    -0.6835318606867552,
    0.061268628879611084,
    -0.01202168211113393,
    -0.061688420538313735
  ]
}