{
  "architecture": "E_PowerEnriched",
  "n_params": 17,
  "timestamp": "2026-03-18T12:56:49.618667",
  "seed": "random",
  "phase": "final",
  "metrics": {
    "cv": 0.17314686134417978,
    "hue_rms": 3.697840432520663,
    "cusp_L_85": 0.898314606741573,
    "cusp_C_85": 0.37294915254237293,
    "cliff_85": 0.0,
    "cusp_L_80": 0.8224719101123596,
    "cusp_L_90": 0.8140449438202247,
    "gamut_min_C": 0.35,
    "ach_err": 0.0,
    "drift_mean": 8.20378880661845,
    "drift_max": 37.210547645510545,
    "bw": 1.1955340809381234,
    "rw_gb": 0.02235482588651827,
    "plr": 0.625655821546572,
    "cond1": 3.1513611593182747,
    "cond2": 2.611329129563918,
    "yL": 0.9482289254816827,
    "yC": 0.3718504116232354,
    "loss": 1.0034810307915552
  },
  "x": [
    1.4606082343251456,
    -0.0940557814036829,
    -0.27065071532088086,
    1.2537615192883957,
    -0.06244802918138523,
    0.4520112124974859,
    0.28926948915176864,
    0.9587245637956333,
    0.3152445632707157,
    1.116724039817943,
    -0.26115261594986544,
    -0.19882237038118525,
    1.2256830332076816,
    0.6007823577097477,
    0.5511534447613223,
    -0.6727996439097592,
    -0.5113559626481565
  ]
}