{
  "architecture": "H_NakaRushtonCp",
  "n_params": 19,
  "timestamp": "2026-03-18T16:55:38.688009",
  "seed": "oklab",
  "phase": "final",
  "metrics": {
    "cv": 0.19426551633668615,
    "hue_rms": 7.699562957526545,
    "cusp_L_85": 0.8995436241610738,
    "cusp_C_85": 0.18969747899159664,
    "cliff_85": 0.0,
    "cusp_L_80": 0.8404697986577181,
    "cusp_L_90": 0.8404697986577181,
    "gamut_min_C": 0.1352307692307692,
    "ach_err": 1.095961964317945e-06,
    "drift_mean": 9.617325725603989,
    "drift_max": 40.47567484263277,
    "bw": 1.202185112459587,
    "rw_gb": -0.018248240369493574,
    "plr": 0.240911362845604,
    "cond1": 2.7020700758575744,
    "cond2": 2.4583252676179264,
    "yL": 0.9354095680324297,
    "yC": 0.17754230687954492,
    "mono_fails": 0,
    "wg_rt": 8.881784197001252e-16,
    "loss": 3.0541485839689653
  },
  "x": [
    0.6690879943531067,
    0.34567929166443445,
    -0.002956225032678894,
    0.7378780762054156,
    0.5498057592517742,
    -0.02761619550379546,
    0.5282408189721881,
    0.9445514431745364,
    0.943569186494571,
    2.2382360097447673,
    -1.573051930360922,
    0.571273799169554,
    1.3981832362649254,
    0.5933636371616737,
    -1.1129468693613926,
    -0.33572824925552247,
    0.8921823001601878,
    0.41247292478353614,
    -0.281805881396914
  ]
}