{
  "architecture": "E_PowerEnriched",
  "n_params": 17,
  "timestamp": "2026-03-18T16:21:48.312967",
  "seed": "v14",
  "phase": "final",
  "metrics": {
    "cv": 0.21274959841552027,
    "hue_rms": 15.829418934088455,
    "cusp_L_85": 0.9404494382022472,
    "cusp_C_85": 0.2038813559322034,
    "cliff_85": 0.0,
    "cusp_L_80": 0.957303370786517,
    "cusp_L_90": 0.9404494382022472,
    "gamut_min_C": 0.16207692307692306,
    "ach_err": 7.486887873815389e-08,
    "drift_mean": 13.274852252757933,
    "drift_max": 78.00479485586673,
    "bw": 1.417957645236153,
    "rw_gb": 0.0648964215210096,
    "plr": 0.5329793301219294,
    "cond1": 2.386415568403135,
    "cond2": 7.166325190888712,
    "yL": 0.9802157184090182,
    "yC": 0.21705685196446736,
    "mono_fails": 9,
    "wg_rt": 6.661338147750939e-16,
    "loss": 695.3913616052481
  },
  "x": [
    0.7716793358845053,
    0.3721542592883815,
    0.14774262633179241,
    0.7954533919694871,
    0.07261978845568633,
    0.25711249596097063,
    0.11909316256419938,
    0.9667180215754697,
    -0.11816232156373137,
    2.945749468061595,
    -1.778259139569007,
    0.02807150183954315,
    1.2160287722112497,
    0.02055537973672896,
    -0.046328494538183856,
    -0.04188853491134671,
    -0.04575325790512012
  ]
}