{
  "architecture": "E_PowerEnriched",
  "n_params": 17,
  "timestamp": "2026-03-18T16:41:52.079862",
  "seed": "v14",
  "phase": "final",
  "metrics": {
    "cv": 0.22298678203002487,
    "hue_rms": 14.540862817834004,
    "cusp_L_85": 0.02,
    "cusp_C_85": 0.5,
    "cliff_85": 0.0,
    "cusp_L_80": 0.02,
    "cusp_L_90": 0.02,
    "gamut_min_C": 0.12628205128205128,
    "ach_err": 2.9877303577430424e-08,
    "drift_mean": 13.82004822394032,
    "drift_max": 89.15959750189515,
    "bw": 1.542542610870675,
    "rw_gb": 0.05473752218993366,
    "plr": 0.4680394986643733,
    "cond1": 2.567675149477651,
    "cond2": 6.828596804205221,
    "yL": 0.9653803165330048,
    "yC": 0.19379505325582846,
    "mono_fails": 0,
    "wg_rt": 1.0547118733938987e-15,
    "loss": 603.9485414216133
  },
  "x": [
    0.7072198521319657,
    0.4221132654163897,
    0.13890270980530534,
    0.7896085089448109,
    0.10545027825364647,
    0.26035956347044964,
    0.10504076968269019,
    1.0894389303971632,
    -0.08246643129056337,
    2.877968749590166,
    -1.753492985227364,
    0.06585019870591764,
    1.20856811439409,
    0.03944614168240417,
    0.05087938066992842,
    -0.0377595942794553,
    0.0013025315700125502
  ]
}