{
  "architecture": "A_SharedGamma",
  "n_params": 14,
  "timestamp": "2026-03-18T15:21:51.007576",
  "seed": "v14",
  "phase": "run",
  "metrics": {
    "cv": 0.22342631553215928,
    "hue_rms": 14.73892386272901,
    "cusp_L_85": 0.9235955056179775,
    "cusp_C_85": 0.14301694915254237,
    "cliff_85": 0.0,
    "cusp_L_80": 0.9151685393258427,
    "cusp_L_90": 0.9235955056179775,
    "gamut_min_C": 0.12628205128205128,
    "ach_err": 0.0,
    "drift_mean": 13.438101220617552,
    "drift_max": 93.9243159005991,
    "bw": 2.264621539514765,
    "rw_gb": 0.05813725142769144,
    "plr": 0.4797001379109305,
    "cond1": 2.7534847419670485,
    "cond2": 7.424944205327366,
    "yL": 0.97726554065992,
    "yC": 0.16779052942882816
  },
  "x": [
    0.755426635510341,
    0.41331532106233393,
    0.14168053466257213,
    0.7963916182154634,
    0.101218351236007,
    0.3091842227541729,
    -0.018055434103962972,
    1.029209358677202,
    -0.12688288477219153,
    2.9380763049758865,
    -1.723635212560576,
    0.019313772926320125,
    1.1582899056429328,
    -0.0399561269212415
  ]
}