{
  "architecture": "K_Hybrid",
  "n_params": 20,
  "timestamp": "2026-03-19T07:54:12.402996",
  "seed": "v14_a20",
  "phase": "final",
  "metrics": {
    "cv": 0.20483826087306825,
    "hue_rms": 28.91662644240602,
    "cusp_L_85": 0.02,
    "cusp_C_85": 0.5,
    "cliff_85": 0.0,
    "cusp_L_80": 0.02,
    "cusp_L_90": 0.02,
    "gamut_min_C": 0.15312820512820513,
    "ach_err": 1.3638192242606341e-07,
    "drift_mean": 11.155487621452512,
    "drift_max": 73.90848433694691,
    "bw": 1.005197564098665,
    "rw_gb": 0.06449899045198348,
    "plr": 0.5188561651365057,
    "cond1": 2.168041139016002,
    "cond2": 6.683066047095436,
    "yL": 0.9799970603067063,
    "yC": 0.2539860752001185,
    "mono_fails": 0,
    "wg_rt": 1.4432899320127035e-15,
    "loss": 923.0614257185009
  },
  "x": [
    0.7080034589165618,
    0.3611543717447832,
    0.13973268384243276,
    0.8201667190025775,
    0.04558892688410303,
    0.21035835284543034,
    0.07785656268259251,
    1.0890109781558148,
    -0.09449798855645754,
    2.948890272813194,
    -1.8372475127234045,
    0.07374816565383742,
    1.198844217534074,
    0.09600309093228733,
    -1.3808639499758542,
    -0.019202687879818766,
    -0.6914916363708273,
    0.030639714939550873,
    0.03795646583917127,
    -0.03454728216020872
  ]
}