{
  "architecture": "K_Hybrid",
  "n_params": 20,
  "timestamp": "2026-03-19T07:56:51.049833",
  "seed": "ok_a20",
  "phase": "run",
  "metrics": {
    "cv": 0.20410141073432284,
    "hue_rms": 35.706468087647174,
    "cusp_L_85": 0.02,
    "cusp_C_85": 0.32313924050632914,
    "cliff_85": 17.59244750861799,
    "cusp_L_80": 0.02,
    "cusp_L_90": 0.02,
    "gamut_min_C": 0.12628205128205128,
    "ach_err": 1.4673076027484943e-07,
    "drift_mean": 12.25379867602086,
    "drift_max": 70.49686521161875,
    "bw": 1.1716778043499154,
    "rw_gb": 0.0781832321806668,
    "plr": 0.42619196225452705,
    "cond1": 1.8409707733132468,
    "cond2": 5.852276405774186,
    "yL": 0.951845238212129,
    "yC": 0.24971272805406836,
    "mono_fails": 0,
    "wg_rt": 6.661338147750939e-16
  },
  "x": [
    0.7507659492549374,
    0.3608607644034109,
    0.007006642045645916,
    0.9109987592188147,
    0.01640271744146325,
    0.1921612653854478,
    0.23904270830814864,
    0.8092748752569159,
    0.020812741161845658,
    2.40753891213673,
    -2.0483300971487437,
    0.031446389190925475,
    1.0998440524168747,
    0.0187136587753607,
    -1.3650737105261121,
    -0.0015894963009204376,
    -0.6654007742219039,
    0.014626991801204003,
    0.0034730069090812606,
    0.0050659878668843274
  ]
}