{
  "architecture": "K_Hybrid",
  "n_params": 20,
  "timestamp": "2026-03-19T07:57:32.533233",
  "seed": "ok_a20",
  "phase": "run",
  "metrics": {
    "cv": 0.20202229374525157,
    "hue_rms": 36.16345054424161,
    "cusp_L_85": 0.02,
    "cusp_C_85": 0.36735443037974685,
    "cliff_85": 22.352779022087464,
    "cusp_L_80": 0.02,
    "cusp_L_90": 0.02,
    "gamut_min_C": 0.12628205128205128,
    "ach_err": 1.4117272473235524e-07,
    "drift_mean": 12.257971414411667,
    "drift_max": 72.9093719126766,
    "bw": 1.1559770142607981,
    "rw_gb": 0.08312172282871855,
    "plr": 0.47233085607218794,
    "cond1": 1.9843516070040146,
    "cond2": 6.088983078911108,
    "yL": 0.9616478557981657,
    "yC": 0.24228982133452295,
    "mono_fails": 0,
    "wg_rt": 9.992007221626409e-16
  },
  "x": [
    0.7593518508939247,
    0.35209458061870613,
    0.05708168446586691,
    0.8741669139857066,
    0.00015941472943181885,
    0.227752563073172,
    0.19968965693594085,
    0.8802690257546315,
    -0.026733133946401325,
    2.4606743973563217,
    -2.0385463423279204,
    0.03268674804401897,
    1.0994186945452498,
    0.043221563249578404,
    -1.3875069697429303,
    -0.016225597976093506,
    -0.6742311044717668,
    -0.033587662989019246,
    0.012802300624425098,
    0.02004031142206989
  ]
}