{
  "architecture": "E_PowerEnriched",
  "n_params": 17,
  "timestamp": "2026-03-18T15:23:05.897613",
  "seed": "v14",
  "phase": "final",
  "metrics": {
    "cv": 0.2278939450665984,
    "hue_rms": 20.512583979262665,
    "cusp_L_85": 0.9404494382022472,
    "cusp_C_85": 0.1700677966101695,
    "cliff_85": 0.0,
    "cusp_L_80": 0.9235955056179775,
    "cusp_L_90": 0.9404494382022472,
    "gamut_min_C": 0.14417948717948717,
    "ach_err": 0.0,
    "drift_mean": 14.25763910533187,
    "drift_max": 81.79520022202206,
    "bw": 1.0866281782659817,
    "rw_gb": 0.05654825325962576,
    "plr": 0.4743392915473561,
    "cond1": 2.292561085008798,
    "cond2": 7.365025746258154,
    "yL": 0.9782653336234518,
    "yC": 0.17730402589672078,
    "loss": 323.23384841623437
  },
  "x": [
    0.7039804401686626,
    0.3457376692497518,
    0.061271673167352936,
    0.8289006107825149,
    0.05426178801635363,
    0.2949570855998406,
    0.11079197870928743,
    1.0010124296080145,
    -0.1680494453786231,
    2.945811684623498,
    -1.8182036396905241,
    0.06905780433117435,
    1.2288768591835668,
    0.0028552537004111456,
    0.030333784205355648,
    -0.039522952190154996,
    0.012100641838829704
  ]
}