{
  "architecture": "E_PowerEnriched",
  "n_params": 17,
  "timestamp": "2026-03-18T16:41:51.777762",
  "seed": "v14",
  "phase": "run",
  "metrics": {
    "cv": 0.22440339698286668,
    "hue_rms": 15.856137682694195,
    "cusp_L_85": 0.02,
    "cusp_C_85": 0.5,
    "cliff_85": 0.0,
    "cusp_L_80": 0.02,
    "cusp_L_90": 0.02,
    "gamut_min_C": 0.1352307692307692,
    "ach_err": 3.1777773396163807e-08,
    "drift_mean": 14.262067338516891,
    "drift_max": 94.45406034191136,
    "bw": 1.367993094931992,
    "rw_gb": 0.05846082238554695,
    "plr": 0.46228964252579086,
    "cond1": 2.392976084754293,
    "cond2": 6.881468505908496,
    "yL": 0.9675147077579499,
    "yC": 0.2095759361814582,
    "mono_fails": 0,
    "wg_rt": 1.3322676295501878e-15
  },
  "x": [
    0.7064441910287566,
    0.4080911137417831,
    0.1413065960053801,
    0.7911644041936212,
    0.10006998135159642,
    0.219859338227964,
    0.14490998747385997,
    1.0687630520296625,
    -0.07499276183464357,
    2.918995827744717,
    -1.7647283889812457,
    0.04736297034211406,
    1.2028782264062385,
    0.012834931082332978,
    0.05483931200496456,
    0.01847080928487288,
    0.0007805617953465306
  ]
}