{
  "architecture": "A_SharedGamma",
  "n_params": 14,
  "timestamp": "2026-03-18T15:22:00.944326",
  "seed": "v14",
  "phase": "run",
  "metrics": {
    "cv": 0.22573432114211361,
    "hue_rms": 21.99705106396027,
    "cusp_L_85": 0.948876404494382,
    "cusp_C_85": 0.18359322033898307,
    "cliff_85": 18.41765140324964,
    "cusp_L_80": 0.898314606741573,
    "cusp_L_90": 0.957303370786517,
    "gamut_min_C": 0.1352307692307692,
    "ach_err": 0.0,
    "drift_mean": 13.12727638822143,
    "drift_max": 87.15728476525655,
    "bw": 1.106689456181891,
    "rw_gb": 0.06554134098618336,
    "plr": 0.4750851699098456,
    "cond1": 2.2081881682095728,
    "cond2": 7.401979601600098,
    "yL": 0.9823259267223096,
    "yC": 0.18962441647320266
  },
  "x": [
    0.716243160309374,
    0.3401323090449398,
    0.10387232358032301,
    0.7955088182271062,
    0.05580126428546042,
    0.25027574330652785,
    0.01157852279134236,
    0.9791740199530932,
    -0.15202966499215909,
    2.86500415744974,
    -1.805603157154557,
    0.0951461001691101,
    1.1531979614789958,
    -0.03113208321408326
  ]
}