{
  "architecture": "E_PowerEnriched",
  "n_params": 17,
  "timestamp": "2026-03-18T15:34:35.719006",
  "seed": "v14",
  "phase": "final",
  "metrics": {
    "cv": 0.20057666195087723,
    "hue_rms": 8.239844349548594,
    "cusp_L_85": 0.9126711409395973,
    "cusp_C_85": 0.1561512605042017,
    "cliff_85": 8.056183403293518,
    "cusp_L_80": 0.919234899328859,
    "cusp_L_90": 0.8995436241610738,
    "gamut_min_C": 0.10838461538461537,
    "ach_err": 1.136703073623957e-06,
    "drift_mean": 9.296022170402717,
    "drift_max": 43.52211680210688,
    "bw": 1.0469291375433358,
    "rw_gb": -0.014950504455673475,
    "plr": 0.26449867771685154,
    "cond1": 3.1607860127877596,
    "cond2": 1.3923341888179992,
    "yL": 0.9550236353568762,
    "yC": 0.1676649893207144,
    "mono_fails": 0,
    "wg_rt": 1.3426759704060487e-15,
    "loss": 5.981621548650487
  },
  "x": [
    0.916918033638612,
    0.21730433760501952,
    -0.11768929133947345,
    1.0088568358032475,
    0.4750751704199471,
    0.1507130444908623,
    1.962378088768707,
    1.5098768953468025,
    1.4593074294354185,
    0.4941625498543839,
    -0.09960303981939067,
    0.1865288124747365,
    0.43514143081105605,
    0.014045800959748386,
    1.4169887051816903,
    0.8674623658310764,
    -0.2906454895697563
  ]
}