{
  "architecture": "E_PowerEnriched",
  "n_params": 17,
  "timestamp": "2026-03-18T13:28:55.698949",
  "seed": "v14",
  "phase": "final",
  "metrics": {
    "cv": 0.17060850156987253,
    "hue_rms": 4.511152278976246,
    "cusp_L_85": 0.8140449438202247,
    "cusp_C_85": 0.12272881355932204,
    "cliff_85": 5.510288634166558,
    "cusp_L_80": 0.8308988764044944,
    "cusp_L_90": 0.7803370786516854,
    "gamut_min_C": 0.09943589743589742,
    "ach_err": 9.997339303412075e-07,
    "drift_mean": 8.692072803378833,
    "drift_max": 40.18145608658416,
    "bw": 1.0970450033120749,
    "rw_gb": 0.0010764036107254737,
    "plr": 0.4621218444425936,
    "cond1": 3.1214582603191556,
    "cond2": 4.217931944267928,
    "yL": 0.8656981581184384,
    "yC": 0.12438185161394025,
    "mono_fails": 0,
    "wg_rt": 6.661338147750939e-16,
    "loss": 1.5898266549768656
  },
  "x": [
    0.4561126080517696,
    0.6079974960736932,
    -0.07985551171037104,
    0.993390250957974,
    0.36075326693192916,
    0.05382708134654231,
    0.09440098436351636,
    1.2193411216019452,
    0.6491322728715871,
    0.8658268094478563,
    -0.4399081209083056,
    0.002802036460447604,
    0.2914017588814808,
    0.515705094920918,
    0.3088425241155964,
    -0.4253223733399761,
    -0.2938361167243817
  ]
}