{
  "architecture": "A_SharedGamma",
  "n_params": 14,
  "achromatic_exact": true,
  "timestamp": "2026-03-18T13:07:59.928246",
  "seed": "v14",
  "phase": "final",
  "M1": [
    [
      0.7033645677760781,
      0.4138233187762762,
      -0.07563186127348183
    ],
    [
      0.0760466911542948,
      0.8472171242335039,
      0.07393512047341962
    ],
    [
      0.07228282596438414,
      0.25978974641781205,
      0.6167240028175378
    ]
  ],
  "M2": [
    [
      0.13704511474762554,
      0.986441274633726,
      -0.1234863893813517
    ],
    [
      2.3915019100937953,
      -2.397630542445188,
      0.006128632351391161
    ],
    [
      0.03545849804140634,
      0.846183825277402,
      -0.8816423233188083
    ]
  ],
  "M1_inv": [
    [
      1.4805382905833149,
      -0.8085679696372703,
      0.2784996790539556
    ],
    [
      -0.12224450791484726,
      1.2921427235141,
      -0.16989821559925297
    ],
    [
      -0.12203128390632503,
      -0.44953634264451725,
      1.6603976265508424
    ]
  ],
  "M2_inv": [
    [
      1.0000000000000004,
      0.362881542000621,
      -0.13754151611829404
    ],
    [
      1.0,
      -0.055222637276284535,
      -0.14044791787736843
    ],
    [
      1.0000000000000002,
      -0.0384070354955236,
      -1.2745778443933262
    ]
  ],
  "gamma": [
    0.3333333333333333,
    0.3333333333333333,
    0.3333333333333333
  ],
  "metrics": {
    "cv": 0.2255325403527142,
    "hue_rms": 13.993265547035874,
    "cusp_L_85": 0.9404494382022472,
    "cusp_C_85": 0.19035593220338984,
    "cliff_85": 0.0,
    "cusp_L_80": 0.957303370786517,
    "cusp_L_90": 0.9404494382022472,
    "gamut_min_C": 0.14417948717948717,
    "ach_err": 1.526166055053312e-15,
    "drift_mean": 13.881009401295085,
    "drift_max": 82.70972385499391,
    "bw": 1.3301052142502123,
    "rw_gb": 0.05772799995281519,
    "plr": 0.5070591275953974,
    "cond1": 2.30800496569248,
    "cond2": 7.032511181011488,
    "yL": 0.9795856859137558,
    "yC": 0.2045655328608333,
    "loss": 3.219451539518868
  },
  "extra": {
    "power": 0.3341740584921518
  }
}