{
  "architecture": "E_PowerEnriched",
  "n_params": 17,
  "timestamp": "2026-03-18T16:07:42.853651",
  "seed": "v14",
  "phase": "run",
  "metrics": {
    "cv": 0.2217637462507137,
    "hue_rms": 25.73351980358356,
    "cusp_L_85": 0.898314606741573,
    "cusp_C_85": 0.18359322033898307,
    "cliff_85": 0.0,
    "cusp_L_80": 0.8898876404494382,
    "cusp_L_90": 0.9320224719101124,
    "gamut_min_C": 0.1352307692307692,
    "ach_err": 4.157107564841633e-15,
    "drift_mean": 11.291042898339045,
    "drift_max": 75.74767912359502,
    "bw": 1.0331782143916508,
    "rw_gb": 0.05973006984570428,
    "plr": 0.44373474904437293,
    "cond1": 2.0949968202594587,
    "cond2": 6.971892077501283,
    "yL": 0.9719958506821039,
    "yC": 0.19819307827281962,
    "mono_fails": 0,
    "wg_rt": 1.5543122344752192e-15
  },
  "x": [
    0.7301012624474684,
    0.31981903893956243,
    0.11768512228722044,
    0.8028356432246022,
    0.07235818284660342,
    0.2352772223158834,
    0.07648291223537576,
    1.053040574967305,
    -0.10233123908853821,
    2.837294501658417,
    -1.7799136388982715,
    0.03367815330685029,
    1.1804804280455632,
    -0.04936331418018153,
    0.03460815813490556,
    -0.011716775496181405,
    -0.027964694113544207
  ]
}