{
  "architecture": "B_NakaRushton",
  "n_params": 16,
  "timestamp": "2026-03-18T15:23:03.887557",
  "seed": "v14",
  "phase": "final",
  "metrics": {
    "cv": 0.2752955924808639,
    "hue_rms": 24.678378142111015,
    "cusp_L_85": 0.8140449438202247,
    "cusp_C_85": 0.10244067796610169,
    "cliff_85": 0.0,
    "cusp_L_80": 0.7803370786516854,
    "cusp_L_90": 0.8308988764044944,
    "gamut_min_C": 0.08153846153846153,
    "ach_err": 9.072203364782994e-16,
    "drift_mean": 13.86088116497528,
    "drift_max": 92.066682505664,
    "bw": 1.1490797613586148,
    "rw_gb": 0.08049689917914477,
    "plr": 0.4614776787212067,
    "cond1": 2.1562973911301166,
    "cond2": 6.390761093751929,
    "yL": 0.999431256189879,
    "yC": 0.10388091597107935,
    "loss": 587.2239154299642
  },
  "x": [
    0.7902608397737042,
    0.35815666107690225,
    0.12460338486510199,
    0.880343658428462,
    0.08389640714684271,
    0.2634790253092397,
    0.03979162203958336,
    1.1503766288010286,
    -0.11017983866733073,
    2.887564044042441,
    -1.7894793707388015,
    0.04258308664320893,
    1.1531735084831216,
    -0.016725148998364525,
    -0.7076310896928371,
    0.36079265402476113
  ]
}