{
  "architecture": "E_PowerEnriched",
  "n_params": 17,
  "timestamp": "2026-03-18T12:28:36.318265",
  "seed": "random",
  "phase": "final",
  "metrics": {
    "cv": 0.1681910346922825,
    "hue_rms": 3.428833095315425,
    "cusp_L_85": 0.80561797752809,
    "cusp_C_85": 0.3797118644067797,
    "cliff_85": 0.0,
    "cusp_L_80": 0.847752808988764,
    "cusp_L_90": 0.8224719101123596,
    "gamut_min_C": 0.35,
    "ach_err": 0.0,
    "drift_mean": 8.389368387435537,
    "drift_max": 36.26073975664162,
    "bw": 1.1941905377317974,
    "rw_gb": 0.017579227853192214,
    "plr": 0.4263476382479394,
    "cond1": 3.155808300080284,
    "cond2": 2.8243495730213435,
    "yL": 0.892579856849002,
    "yC": 0.38092327381796853,
    "loss": 0.9603803117581127
  },
  "x": [
    1.3788865193817879,
    -0.027803690101911076,
    -0.21233554806902072,
    1.233968237134202,
    0.020993014315297723,
    0.45214783836505257,
    0.21046248252934954,
    0.40356131764117076,
    0.7987872355384326,
    1.27674351393622,
    -0.2566856840649811,
    -0.20101050324262157,
    1.3630148980348566,
    0.5020988916854457,
    0.691493998520847,
    -0.6802839208777887,
    -0.5055128645735119
  ]
}