{
  "architecture": "C_DivNorm",
  "n_params": 22,
  "timestamp": "2026-03-18T15:23:04.666901",
  "seed": "v14",
  "phase": "run",
  "metrics": {
    "cv": 0.30154491741618367,
    "hue_rms": 16.686072961759006,
    "cusp_L_85": 0.3,
    "cusp_C_85": 0.4,
    "cliff_85": 0.0,
    "cusp_L_80": 0.3,
    "cusp_L_90": 0.3,
    "gamut_min_C": 0.14417948717948717,
    "ach_err": 0.0005225334542455985,
    "drift_mean": 12.300971977026398,
    "drift_max": 60.609251068431334,
    "bw": 63.03516255114063,
    "rw_gb": 0.061543200334407966,
    "plr": 0.3110520582072115,
    "cond1": 2.687666678076615,
    "cond2": 6.269241901479746,
    "yL": 1.0551483050432209,
    "yC": 0.05417325069773513
  },
  "x": [
    0.7861957509641102,
    0.42176144821062134,
    0.10575499878949385,
    0.8209462151814176,
    0.10060492898064098,
    0.30753098450533833,
    0.168979146556738,
    1.806546924909082,
    -0.18800321699895206,
    2.857924465062676,
    -1.7741897727537204,
    0.054410548286999885,
    1.170227127885711,
    -0.006751351286570066,
    -0.7034566827651867,
    0.01801429785179595,
    0.018104224448761586,
    0.016709716010955944,
    0.006602659196627759,
    -0.005282365660815426,
    0.014520490103777164,
    0.051838901431680455
  ]
}