{
  "architecture": "K_Hybrid",
  "n_params": 20,
  "timestamp": "2026-03-19T07:53:15.741205",
  "seed": "v14_a20",
  "phase": "run",
  "metrics": {
    "cv": 0.2075845632975085,
    "hue_rms": 25.91302873903157,
    "cusp_L_85": 0.02,
    "cusp_C_85": 0.5,
    "cliff_85": 0.0,
    "cusp_L_80": 0.02,
    "cusp_L_90": 0.02,
    "gamut_min_C": 0.16207692307692306,
    "ach_err": 1.3936406632929237e-07,
    "drift_mean": 11.369188361804799,
    "drift_max": 73.46494714317318,
    "bw": 1.0188908404319907,
    "rw_gb": 0.05295188210203716,
    "plr": 0.5192633467514849,
    "cond1": 1.991301894282094,
    "cond2": 6.5970517076884,
    "yL": 0.9772608900468412,
    "yC": 0.23226829496053472,
    "mono_fails": 0,
    "wg_rt": 1.1102230246251565e-15
  },
  "x": [
    0.730898423373921,
    0.3467091408248567,
    0.1140912008604953,
    0.8401788540677958,
    0.09219934695248107,
    0.19556515930349824,
    0.08921477512510981,
    1.103245354895058,
    -0.09274397246684625,
    2.8974882863525564,
    -1.7814694202549064,
    0.07175302268086961,
    1.159070271846536,
    0.07589540094722443,
    -1.3489011228964294,
    0.013664150501239512,
    -0.7321898416730808,
    -0.017890592128812714,
    0.047752207322519,
    -0.025664454597417036
  ]
}