{
  "architecture": "H_NakaRushtonCp",
  "n_params": 19,
  "timestamp": "2026-03-18T16:34:23.009285",
  "seed": "v14",
  "phase": "final",
  "metrics": {
    "cv": 0.19608056574264632,
    "hue_rms": 8.03757706335656,
    "cusp_L_85": 0.919234899328859,
    "cusp_C_85": 0.11002521008403363,
    "cliff_85": 0.0,
    "cusp_L_80": 0.9323624161073826,
    "cusp_L_90": 0.9257986577181208,
    "gamut_min_C": 0.08153846153846153,
    "ach_err": 1.0717690639012883e-06,
    "drift_mean": 10.136790370915064,
    "drift_max": 40.97017475325664,
    "bw": 1.3196584946098548,
    "rw_gb": -0.02656450536520305,
    "plr": 0.27941126679846295,
    "cond1": 3.1765070599496057,
    "cond2": 2.6707351636631222,
    "yL": 0.9624607944573094,
    "yC": 0.11228429557260583,
    "mono_fails": 0,
    "wg_rt": 1.1726730697603216e-15,
    "loss": 2.916956713445617
  },
  "x": [
    0.8726013537844746,
    0.3216180852079767,
    -0.05208657238706493,
    0.8900653686257822,
    0.534177193415939,
    0.13113664477391218,
    2.3110945799198817,
    0.3730837652969967,
    2.442070164557663,
    2.7708698270631658,
    -1.87392623534814,
    1.1786060454802794,
    2.772379300731018,
    0.481979261838573,
    -1.047241771066858,
    -4.624319236889278,
    1.7624763451863146,
    1.408496582705073,
    -0.31320737809721244
  ]
}