{
  "architecture": "D_LogWeighted",
  "n_params": 16,
  "timestamp": "2026-03-18T15:23:05.625166",
  "seed": "v14",
  "phase": "final",
  "metrics": {
    "cv": 0.35310200201358,
    "hue_rms": 18.557450944204632,
    "cusp_L_85": 0.957303370786517,
    "cusp_C_85": 0.26474576271186445,
    "cliff_85": 43.42509603072985,
    "cusp_L_80": 0.9151685393258427,
    "cusp_L_90": 0.9320224719101124,
    "gamut_min_C": 0.2068205128205128,
    "ach_err": 0.0,
    "drift_mean": 16.045292416344875,
    "drift_max": 137.67130163681674,
    "bw": 1.0214472315883625,
    "rw_gb": 0.007901406629781671,
    "plr": 0.8774948791686548,
    "cond1": 2.2797510479611476,
    "cond2": 5.870184613819145,
    "yL": 0.9685076516116962,
    "yC": 0.26897976344620356,
    "loss": 999.0
  },
  "x": [
    0.7583761294836658,
    0.38380162590825084,
    0.12671393631532843,
    0.8421628149123207,
    0.07639223722200054,
    0.258943526275451,
    0.0,
    0.0,
    0.0,
    0.14510728560521616,
    1.4651862381074543,
    -0.16759848282370696,
    2.892328669984577,
    -1.7822048573306597,
    0.05591360920662447,
    1.1901759991812177
  ]
}