{
  "architecture": "A_SharedGamma",
  "n_params": 14,
  "timestamp": "2026-03-18T15:21:51.075416",
  "seed": "v14",
  "phase": "final",
  "metrics": {
    "cv": 0.2502206234046963,
    "hue_rms": 21.69640371009828,
    "cusp_L_85": 0.9151685393258427,
    "cusp_C_85": 0.14301694915254237,
    "cliff_85": 14.185826025124431,
    "cusp_L_80": 0.898314606741573,
    "cusp_L_90": 0.9151685393258427,
    "gamut_min_C": 0.10838461538461537,
    "ach_err": 0.0,
    "drift_mean": 12.757083630754291,
    "drift_max": 81.14357220326703,
    "bw": 81.8199418548232,
    "rw_gb": 0.06854419299745396,
    "plr": 0.5497637333190656,
    "cond1": 3.212490006391205,
    "cond2": 7.309758637562902,
    "yL": 0.9901024692231439,
    "yC": 0.19310881516571668,
    "loss": 309.37251448000757
  },
  "x": [
    0.8215799202093158,
    0.4669250269311144,
    0.16647264344164542,
    0.8121564921903718,
    0.0939942028823775,
    0.34620377752035275,
    0.029063736534432474,
    1.0371135183533793,
    -0.1380216901255529,
    2.9542714428834143,
    -1.7493732674259648,
    0.03272117905260191,
    1.2265831083378425,
    -0.050572048960012
  ]
}