{
  "architecture": "B_NakaRushton",
  "n_params": 16,
  "timestamp": "2026-03-18T15:23:03.820862",
  "seed": "v14",
  "phase": "run",
  "metrics": {
    "cv": 0.2644580694342415,
    "hue_rms": 31.151392883342425,
    "cusp_L_85": 0.7297752808988764,
    "cusp_C_85": 0.10244067796610169,
    "cliff_85": 0.0,
    "cusp_L_80": 0.8393258426966292,
    "cusp_L_90": 0.7466292134831461,
    "gamut_min_C": 0.07258974358974359,
    "ach_err": 5.56647903300089e-16,
    "drift_mean": 12.124911799307592,
    "drift_max": 92.84843911605468,
    "bw": 0.97156090809634,
    "rw_gb": 0.08776248883569987,
    "plr": 0.3976621870632102,
    "cond1": 2.233270788013464,
    "cond2": 6.079227306225444,
    "yL": 0.9885327735385142,
    "yC": 0.10723400981748203
  },
  "x": [
    0.7580886660153195,
    0.3189608341270732,
    0.14176366824057068,
    0.8249158554626769,
    0.05077692505801641,
    0.28968420855346266,
    0.13170067408770733,
    1.2106045791661793,
    -0.1000030098816236,
    2.847411602151141,
    -1.803884180328495,
    0.028954889814939194,
    1.207650304542959,
    0.023852218364884076,
    -0.7194232643402948,
    0.34779518448397145
  ]
}