{
  "M1": [
    [
      0.22911555206417908,
      -1.266191366371306,
      7.539603202446513
    ],
    [
      7.796196981506506,
      -2.7590913047035746,
      -1.878269259701892
    ],
    [
      -3.1418484573601364,
      6.972219512851458,
      0.4677207886995116
    ]
  ],
  "M2": [
    [
      0.2309629290038264,
      0.16711396003661444,
      0.20042322130946552
    ],
    [
      1.7092613699503445,
      -2.6230378045008194,
      0.21739108928789902
    ],
    [
      0.07398775186785506,
      0.8175628905712803,
      -0.7669500524932261
    ]
  ],
  "gamma": [
    0.3333333333333333,
    0.3333333333333333,
    0.3333333333333333
  ],
  "cross_d": -0.8865020105106486,
  "cross_k": 0.7710237778382322,
  "architecture": "purpose_designed_m1_ct"
}