{
  "M1": [
    [
      6.213663274448127,
      -0.5041794153770129,
      -0.40416891025666857
    ],
    [
      -1.1592256796157883,
      4.350194381717271,
      0.5254938968299478
    ],
    [
      0.0008170122534259527,
      0.7226718820884986,
      2.227799849833172
    ]
  ],
  "M2": [
    [
      0.14135536182989794,
      0.44248451775775055,
      0.060555929530941376
    ],
    [
      0.4843952725673558,
      -0.3665958307304812,
      -0.17266206907852755
    ],
    [
      -0.04418360083197615,
      0.3938373973684583,
      -0.3686313617660093
    ]
  ],
  "gamma": [
    0.3333333333333333,
    0.3333333333333333,
    0.3333333333333333
  ],
  "L_corr": [
    0.21103440104169494,
    -0.16764446075590034,
    -0.5
  ],
  "architecture": "rowblend_fit_L_v7b_ab"
}