{
  "M1": [
    [
      6.213663274448127,
      -0.5041794153770129,
      -0.40416891025666857
    ],
    [
      -1.1592256796157883,
      4.350194381717271,
      0.5254938968299478
    ],
    [
      0.0008170122534259527,
      0.7226718820884986,
      2.227799849833172
    ]
  ],
  "M2": [
    [
      0.23921372963823823,
      0.3724851227025362,
      0.016924147154621413
    ],
    [
      0.4843952725673558,
      -0.3665958307304812,
      -0.17266206907852755
    ],
    [
      -0.04418360083197615,
      0.3938373973684583,
      -0.3686313617660093
    ]
  ],
  "gamma": [
    0.3333333333333333,
    0.3333333333333333,
    0.3333333333333333
  ],
  "L_corr": [
    0.14772408072918644,
    -0.11735112252913023,
    -0.35
  ],
  "architecture": "rowblend_blend70_L_v7b_ab"
}