{
  "M1": [
    [
      0.6154771811938567,
      0.3434659331766523,
      0.06570490380869622
    ],
    [
      -0.07655127789523108,
      1.315412454902053,
      -0.22285642552186533
    ],
    [
      1.0242414460599587,
      -0.9525613237342542,
      0.8991766910331688
    ]
  ],
  "M2": [
    [
      -0.5747681769773944,
      0.6483714900698112,
      0.9671587528598635
    ],
    [
      2.2342485577414943,
      -1.7999052083233416,
      -0.43434334941815267
    ],
    [
      0.48821938507794216,
      0.03149575624239024,
      -0.5197151413203324
    ]
  ],
  "transfer": "log",
  "transfer_param": 4.953032424395115,
  "gamma": [
    0.3333333333333333,
    0.3333333333333333,
    0.3333333333333333
  ],
  "L_corr": [
    0.3,
    -0.3,
    -0.2191353178175388
  ],
  "architecture": "NovelTransfer_Log",
  "loss": 7.317349261036042,
  "seed": "rnd3"
}