{
  "M1": [
    [
      -0.355164442632094,
      0.9517950204723798,
      0.35430519669383337
    ],
    [
      -0.12409730946253901,
      0.5020325422388826,
      0.5656697808528207
    ],
    [
      -0.21933207851407918,
      0.701728363175067,
      0.46539882028435087
    ]
  ],
  "M2": [
    [
      1.7903614413523457,
      1.064601507614827,
      -1.7976459173916945
    ],
    [
      1.4861656359943107,
      -2.4126940227500633,
      0.9265283867557528
    ],
    [
      1.4359923044887717,
      -0.7506722703002402,
      -0.685320034188531
    ]
  ],
  "transfer": "log",
  "transfer_param": 20.085536923187668,
  "gamma": [
    0.3333333333333333,
    0.3333333333333333,
    0.3333333333333333
  ],
  "L_corr": [
    0.07585081657207707,
    -0.3,
    -0.5
  ],
  "architecture": "NovelTransfer_Log",
  "loss": 2.7475360632932833,
  "seed": "rnd4"
}