{
  "M1": [
    [
      0.8029619531526225,
      0.3300603350838879,
      -0.08564384035787136
    ],
    [
      -0.1386732265224615,
      1.4437258043415269,
      -0.2864736117931385
    ],
    [
      0.8829189492411689,
      -0.9214752221949574,
      0.9939910256970358
    ]
  ],
  "M2": [
    [
      -0.6353720642658846,
      0.5676077115729735,
      1.01668692854199
    ],
    [
      2.537247519010333,
      -2.1674258790513763,
      -0.3698216399589565
    ],
    [
      0.3799884386700222,
      0.10060044677075079,
      -0.480588885440773
    ]
  ],
  "transfer": "hybrid",
  "transfer_param": 4.953032424395115,
  "gamma": [
    0.3333333333333333,
    0.3333333333333333,
    0.3333333333333333
  ],
  "L_corr": [
    0.3,
    -0.2888054526818682,
    -0.3723828370837535
  ],
  "architecture": "NovelTransfer_Hybrid",
  "loss": 5.371400918520809,
  "seed": "oklab"
}