{
  "architecture": "TwoStage_M1a_cbrt_M1b_cbrt_M2_Lcorr",
  "M1a": [
    [
      1.1201213103757268,
      0.18652818692218617,
      -0.23067869988428255
    ],
    [
      0.6403101146468625,
      -0.11018630047174359,
      0.4606694762298432
    ],
    [
      0.7986392351803838,
      -0.5845310298720818,
      0.7581058530809974
    ]
  ],
  "M1b": [
    [
      1.0637730006790018,
      -0.513125605387177,
      0.4080530925152045
    ],
    [
      0.7300650707376923,
      0.2651646168925733,
      -0.05012931995667049
    ],
    [
      0.370890851144988,
      0.4869911477036796,
      0.01163234105793503
    ]
  ],
  "M2": [
    [
      0.3203422380670575,
      0.6748344308376135,
      0.03425322393641502
    ],
    [
      1.330115833548613,
      -1.9062789147688601,
      0.5854527955179438
    ],
    [
      -0.07812556400952907,
      0.4286982038886278,
      -0.36001103428995
    ]
  ],
  "M1a_inv": [
    [
      0.7365661520140658,
      -0.026050489360843455,
      0.2399543373467776
    ],
    [
      -0.46600441102292695,
      4.097964846189999,
      -2.631960435167072
    ],
    [
      -1.1352565912882926,
      3.1871440445983414,
      -0.9630574533100492
    ]
  ],
  "M1b_inv": [
    [
      0.1856715880658184,
      1.3821344171077954,
      -0.5569306515238484
    ],
    [
      -0.18288858743301148,
      -0.9383777760768243,
      2.3716648070402275
    ],
    [
      1.7366435237860973,
      -4.783159290937245,
      4.434250746824555
    ]
  ],
  "M2_inv": [
    [
      0.9756613418149368,
      0.5774462718822595,
      1.0318769292581766
    ],
    [
      0.9707721861828867,
      -0.2524907046782857,
      -0.3182383341043906
    ],
    [
      0.9442605020719057,
      -0.4259747970575952,
      -3.380574630791954
    ]
  ],
  "L_corr": [
    -0.5,
    -0.5,
    1.0
  ],
  "loss": 17.70162884429828,
  "generation": 300,
  "seed": "oklab_id",
  "n_params": 27
}