{
  "combvd": 23.24080672985279,
  "he": 30.115060128552614,
  "mac": 20.64503915668727,
  "munsell_cv": 35.43909084656606,
  "osa_cv": 21.514961667039216,
  "rt": 5.662137425588298e-15,
  "train": 23.171931235860594,
  "val": 23.5303447427345
}