{
  "M1": [
    [
      0.8184082521618012,
      0.08005429379896828,
      -0.10505573032621793
    ],
    [
      -0.3532989562698489,
      1.234469796203938,
      0.06850586381658087
    ],
    [
      0.20413784455526443,
      0.08791985247414658,
      1.0236359404573419
    ]
  ],
  "gamma": [
    0.34977154106190306,
    0.3793318278241977,
    0.38739385657626824
  ],
  "M2": [
    [
      -0.3763898307353678,
      0.5036754720309229,
      0.5177189696954001
    ],
    [
      1.952968942763036,
      -2.700143764028515,
      0.7743358911358355
    ],
    [
      0.10952032251099462,
      1.6756436546340345,
      -1.402192954013699
    ]
  ],
  "hk_weight": 0.2787536336946475,
  "hk_power": 0.7833967632153833,
  "hk_hue_mod": -0.5555438277037505,
  "L_corr_p1": 0.11009259781832598,
  "L_corr_p2": -0.7539036469770207,
  "L_corr_p3": 0.6818632679452666,
  "cs_cos1": -0.5308109617316257,
  "cs_sin1": 0.24474467968822108,
  "cs_cos2": -0.200633809140759,
  "cs_sin2": 0.6821049270172252,
  "cs_cos3": -0.31808221476284787,
  "cs_sin3": 0.44652970029571715,
  "lc1": -0.6379188203607894,
  "lc2": -0.7654471138157286,
  "hk_sin1": 0.3637812671673313,
  "hk_cos2": 0.42635778239028665,
  "hk_sin2": 1.1921487990296837,
  "hue_cos1": 0.227240496013246,
  "hue_sin1": -0.4982841095913245,
  "hue_cos2": -0.020300459254189593,
  "hue_sin2": 0.06941409673948438,
  "hue_cos3": 0.13699251479799987,
  "hue_sin3": -0.05931228984787581,
  "hlc_cos1": 0.17566791826839565,
  "hlc_sin1": 0.7489698916402763,
  "hlc_cos2": 0.48962005424941224,
  "hlc_sin2": -0.18133087780375617,
  "hl_cos1": 0.0798544351648214,
  "hl_sin1": 0.1468334426465859,
  "hl_cos2": -0.046067461907103036,
  "hl_sin2": -0.01038318019885502,
  "cp_cos1": -0.4999934156763455,
  "cp_sin1": -0.37498398025277185,
  "cp_cos2": -0.01744162239672558,
  "cp_sin2": 0.3528961412310435,
  "lp_dark": 0.4380504190711805,
  "lp_dark_hcos": -0.13798586277456912,
  "lp_dark_hsin": 0.05536246127427726,
  "dist_power": 0.7881363355076685,
  "dist_wC": 1.2555932685890785,
  "hue_cos4": -0.06984156958083673,
  "hue_sin4": -0.03004268048548328,
  "Lh_cos1": -0.06909507575921785,
  "Lh_sin1": -0.12452363264783489,
  "cs_cos4": 0.1667696611714148,
  "cs_sin4": 0.18153839011346515,
  "dist_nl": 0.0,
  "dist_sat": 0.0,
  "dist_compress": 1.9122130113477849,
  "dist_linear": 0.0,
  "dist_post_power": 1.1120692673970816,
  "dist_sl": 0.4709816040421424,
  "dist_sc": 0.9665487110358966,
  "dist_sl_hcos1": 0.0,
  "dist_sl_hsin1": 0.0,
  "dist_sl_hcos2": 0.0,
  "dist_sl_hsin2": 0.0,
  "dist_sc_hcos1": 0.0,
  "dist_sc_hsin1": 0.0,
  "dist_sc_hcos2": 0.0,
  "dist_sc_hsin2": 0.0,
  "hk_weight_S": 0.0,
  "hk_power_S": 0.0,
  "hk_hue_S": 0.0,
  "lp_dark_S": 0.0,
  "lp_dark_S2": 0.0,
  "cs_S_lin": 0.0,
  "cs_S_quad": 0.0,
  "lc_S_lin": 0.0,
  "lc_S_quad": 0.0,
  "hl_S_lin": 0.0,
  "L_S_offset": 0.0
}