{
  "M1": [
    [
      0.8184047826094277,
      0.08005217528683876,
      -0.10505783618938216
    ],
    [
      -0.35330099613270427,
      1.2344750300706344,
      0.06850796666522306
    ],
    [
      0.20413997417264204,
      0.0879219813517834,
      1.0236402938554403
    ]
  ],
  "gamma": [
    0.34977235101268855,
    0.379329456659404,
    0.3873914540835731
  ],
  "M2": [
    [
      -0.3763919550056742,
      0.503673332465764,
      0.5177167683927208
    ],
    [
      1.9529645014358703,
      -2.700155228776815,
      0.7743326115865784
    ],
    [
      0.10951819327383125,
      1.6756380226054757,
      -1.4021989174852196
    ]
  ],
  "hk_weight": 0.27875481964102894,
  "hk_power": 0.7833937257666119,
  "hk_hue_mod": -0.5555461728166442,
  "L_corr_p1": 0.11009430193814772,
  "L_corr_p2": -0.7539022590310503,
  "L_corr_p3": 0.6818639212064636,
  "cs_cos1": -0.5308089669947612,
  "cs_sin1": 0.24474997013153668,
  "cs_cos2": -0.20063891257800956,
  "cs_sin2": 0.6821120764684335,
  "cs_cos3": -0.3180878185846099,
  "cs_sin3": 0.44652953533851697,
  "lc1": -0.6379172817612807,
  "lc2": -0.7654468592487887,
  "hk_sin1": 0.36378316395231963,
  "hk_cos2": 0.42635321991524905,
  "hk_sin2": 1.1921505948692783,
  "hue_cos1": 0.22723932825235774,
  "hue_sin1": -0.4982883557483988,
  "hue_cos2": -0.02030402785272857,
  "hue_sin2": 0.06941225640191281,
  "hue_cos3": 0.13699523290221338,
  "hue_sin3": -0.059316068630333105,
  "hlc_cos1": 0.17567013423616018,
  "hlc_sin1": 0.7489708084396512,
  "hlc_cos2": 0.489620763750969,
  "hlc_sin2": -0.18132739889796803,
  "hl_cos1": 0.07985349967828495,
  "hl_sin1": 0.14683448533831148,
  "hl_cos2": -0.046068938820713466,
  "hl_sin2": -0.010381944823021743,
  "cp_cos1": -0.49999766746724866,
  "cp_sin1": -0.3749877014681442,
  "cp_cos2": -0.017439568773298216,
  "cp_sin2": 0.3528955143244769,
  "lp_dark": 0.43805130795532216,
  "lp_dark_hcos": -0.1379871249844316,
  "lp_dark_hsin": 0.05536374872183833,
  "dist_power": 0.7881398888398762,
  "dist_wC": 1.2555948104758843,
  "hue_cos4": -0.06984059156798432,
  "hue_sin4": -0.030041512181897077,
  "Lh_cos1": -0.06909749426642225,
  "Lh_sin1": -0.12452203625145788,
  "cs_cos4": 0.16676824336686388,
  "cs_sin4": 0.1815370335434127,
  "dist_nl": 0.0,
  "dist_sat": 0.0,
  "dist_compress": 1.9122104254031305,
  "dist_linear": 0.0,
  "dist_post_power": 1.1120683802232765,
  "dist_sl": 0.4709821210019517,
  "dist_sc": 0.9665549026529147,
  "dist_sl_hcos1": 0.0,
  "dist_sl_hsin1": 0.0,
  "dist_sl_hcos2": 0.0,
  "dist_sl_hsin2": 0.0,
  "dist_sc_hcos1": 0.0,
  "dist_sc_hsin1": 0.0,
  "dist_sc_hcos2": 0.0,
  "dist_sc_hsin2": 0.0,
  "hk_weight_S": 0.0,
  "hk_power_S": 0.0,
  "hk_hue_S": 0.0,
  "lp_dark_S": 0.0,
  "lp_dark_S2": 0.0,
  "cs_S_lin": 0.0,
  "cs_S_quad": 0.0,
  "lc_S_lin": 0.0,
  "lc_S_quad": 0.0,
  "hl_S_lin": 0.0,
  "L_S_offset": 0.0
}