{
  "M1": [
    [
      0.8210159364118579,
      0.08217830211953103,
      -0.10759177122192298
    ],
    [
      -0.34860331617761936,
      1.2270373400876595,
      0.06687449719970388
    ],
    [
      0.20032779666905917,
      0.0848951542136392,
      1.0193851799462001
    ]
  ],
  "gamma": [
    0.3586027131592643,
    0.38283564772201584,
    0.3872259167581448
  ],
  "M2": [
    [
      -0.37813609183403196,
      0.5001632792029111,
      0.5212741801876283
    ],
    [
      1.9573382421357217,
      -2.685476136206525,
      0.7762985474815521
    ],
    [
      0.1101674752664841,
      1.6803412523297738,
      -1.3983423684597787
    ]
  ],
  "hk_weight": 0.2761272805802396,
  "hk_power": 0.7884169362009361,
  "hk_hue_mod": -0.5522967462602468,
  "L_corr_p1": 0.10405611198665192,
  "L_corr_p2": -0.7561938504032032,
  "L_corr_p3": 0.6792129091581693,
  "cs_cos1": -0.5338410627510524,
  "cs_sin1": 0.23634611017012638,
  "cs_cos2": -0.19218637280796041,
  "cs_sin2": 0.670964354417019,
  "cs_cos3": -0.30847846616407,
  "cs_sin3": 0.4486138915128056,
  "lc1": -0.6393686053688612,
  "lc2": -0.765605709992131,
  "hk_sin1": 0.3605924004268688,
  "hk_cos2": 0.43334606736715936,
  "hk_sin2": 1.1897679168927555,
  "hue_cos1": 0.2331783907641046,
  "hue_sin1": -0.48964991411943765,
  "hue_cos2": -0.01460543749677983,
  "hue_sin2": 0.07699144458623945,
  "hue_cos3": 0.1309755507945361,
  "hue_sin3": -0.055625019930444976,
  "hlc_cos1": 0.17262606566197303,
  "hlc_sin1": 0.7482327657000196,
  "hlc_cos2": 0.4883250797164728,
  "hlc_sin2": -0.1865539664441886,
  "hl_cos1": 0.0803507064455526,
  "hl_sin1": 0.14519930300905612,
  "hl_cos2": -0.040555291977293906,
  "hl_sin2": -0.014223604938690043,
  "cp_cos1": -0.49217583382244884,
  "cp_sin1": -0.36806917629723795,
  "cp_cos2": -0.021565700975802283,
  "cp_sin2": 0.353052963074782,
  "lp_dark": 0.43464120522692873,
  "lp_dark_hcos": -0.1368232916315067,
  "lp_dark_hsin": 0.05274652062509725,
  "dist_power": 0.7832208176089549,
  "dist_wC": 1.253894983850139,
  "hue_cos4": -0.06781096367403039,
  "hue_sin4": -0.03877346221076625,
  "Lh_cos1": -0.06549447818612186,
  "Lh_sin1": -0.12754267510950165,
  "cs_cos4": 0.1696427905741991,
  "cs_sin4": 0.18490273169460578,
  "dist_nl": 0.0,
  "dist_sat": 0.0,
  "dist_compress": 1.91906372237277,
  "dist_linear": 0.0,
  "dist_post_power": 1.1089417531409764,
  "dist_sl": 0.4695666833190092,
  "dist_sc": 0.9558787347168415,
  "dist_sl_hcos1": 0.0,
  "dist_sl_hsin1": 0.0,
  "dist_sl_hcos2": 0.0,
  "dist_sl_hsin2": 0.0,
  "dist_sc_hcos1": 0.0,
  "dist_sc_hsin1": 0.0,
  "dist_sc_hcos2": 0.0,
  "dist_sc_hsin2": 0.0,
  "hk_weight_S": 0.0,
  "hk_power_S": 0.0,
  "hk_hue_S": 0.0,
  "lp_dark_S": 0.0,
  "lp_dark_S2": 0.0,
  "cs_S_lin": 0.0,
  "cs_S_quad": 0.0,
  "lc_S_lin": 0.0,
  "lc_S_quad": 0.0,
  "hl_S_lin": 0.0,
  "L_S_offset": 0.0
}