{
  "combvd": 24.387661418077826,
  "he": 31.504041598931252,
  "mac": 18.800805597131117,
  "munsell_cv": 33.78751382758732,
  "osa_cv": 18.068511766431836,
  "rt": 9.828047356497116e-07
}