{
  "combvd": 24.402067667842005,
  "he": 31.58362349167621,
  "mac": 18.786040851939656,
  "munsell_cv": 33.79000463841302,
  "osa_cv": 18.06048830675377,
  "rt": 2.4424906541753444e-15
}