{
  "M1": [
    [
      0.8184028933018375,
      0.08005102323815776,
      -0.10505896761953251
    ],
    [
      -0.3533002741330342,
      1.2344778766160291,
      0.06850908620354954
    ],
    [
      0.2041411479739043,
      0.08792315399532628,
      1.0236426843226216
    ]
  ],
  "gamma": [
    0.3497727371065888,
    0.37932825726759606,
    0.38739011180469285
  ],
  "M2": [
    [
      -0.37639312009077064,
      0.5036721593802876,
      0.5177155573873982
    ],
    [
      1.9529620799242096,
      -2.7001614942727543,
      0.7743308283234749
    ],
    [
      0.109517016846184,
      1.6756349278282046,
      -1.4022021967826055
    ]
  ],
  "hk_weight": 0.27875547096784253,
  "hk_power": 0.783392147824688,
  "hk_hue_mod": -0.555547503615361,
  "L_corr_p1": 0.11009459559369714,
  "L_corr_p2": -0.7539015155035271,
  "L_corr_p3": 0.681864030837032,
  "cs_cos1": -0.5308078723216728,
  "cs_sin1": 0.24475286824122588,
  "cs_cos2": -0.20064170780917295,
  "cs_sin2": 0.682115993329092,
  "cs_cos3": -0.3180908895578546,
  "cs_sin3": 0.44652960690594,
  "lc1": -0.6379164387840804,
  "lc2": -0.7654466891650402,
  "hk_sin1": 0.3637841358076795,
  "hk_cos2": 0.42635072127486245,
  "hk_sin2": 1.1921516218553347,
  "hue_cos1": 0.2272386806411513,
  "hue_sin1": -0.4982906853757664,
  "hue_cos2": -0.02030388016936713,
  "hue_sin2": 0.06941123529313283,
  "hue_cos3": 0.13699674400656703,
  "hue_sin3": -0.059315132064903936,
  "hlc_cos1": 0.17567138321579084,
  "hlc_sin1": 0.7489714131085529,
  "hlc_cos2": 0.4896211181827266,
  "hlc_sin2": -0.1813254937669269,
  "hl_cos1": 0.07985298470568437,
  "hl_sin1": 0.1468346774317649,
  "hl_cos2": -0.046069758090729176,
  "hl_sin2": -0.01038125738174609,
  "cp_cos1": -0.5,
  "cp_sin1": -0.37498974039425825,
  "cp_cos2": -0.017438442891277176,
  "cp_sin2": 0.3528951682861936,
  "lp_dark": 0.4380514859379541,
  "lp_dark_hcos": -0.13798793931285594,
  "lp_dark_hsin": 0.05536433924970384,
  "dist_power": 0.7881382302261359,
  "dist_wC": 1.2555958160221867,
  "hue_cos4": -0.06984004410611587,
  "hue_sin4": -0.03004084108809561,
  "Lh_cos1": -0.06909882004578412,
  "Lh_sin1": -0.12452116100746123,
  "cs_cos4": 0.16676746557930713,
  "cs_sin4": 0.18153628708613942,
  "dist_nl": 0.0,
  "dist_sat": 0.0,
  "dist_compress": 1.9122095104842118,
  "dist_linear": 0.0,
  "dist_post_power": 1.1120674750014723,
  "dist_sl": 0.4709823183864392,
  "dist_sc": 0.9665580504434534,
  "dist_sl_hcos1": 0.0,
  "dist_sl_hsin1": 0.0,
  "dist_sl_hcos2": 0.0,
  "dist_sl_hsin2": 0.0,
  "dist_sc_hcos1": 0.0,
  "dist_sc_hsin1": 0.0,
  "dist_sc_hcos2": 0.0,
  "dist_sc_hsin2": 0.0,
  "hk_weight_S": 0.0,
  "hk_power_S": 0.0,
  "hk_hue_S": 0.0,
  "lp_dark_S": 0.0,
  "lp_dark_S2": 0.0,
  "cs_S_lin": 0.0,
  "cs_S_quad": 0.0,
  "lc_S_lin": 0.0,
  "lc_S_quad": 0.0,
  "hl_S_lin": 0.0,
  "L_S_offset": 0.0
}