{
  "M1": [
    [
      0.8184044238640852,
      0.08005195760089605,
      -0.10505804377390825
    ],
    [
      -0.3533012025474172,
      1.2344755690413873,
      0.06850816486447714
    ],
    [
      0.20414020455545825,
      0.0879222114763101,
      1.0236419415917852
    ]
  ],
  "gamma": [
    0.3497723915625431,
    0.37932927740235345,
    0.38739118080300566
  ],
  "M2": [
    [
      -0.3763928373851697,
      0.503671579862813,
      0.5177165301419951
    ],
    [
      1.95296403993166,
      -2.7001564327280723,
      0.7743322742249658
    ],
    [
      0.1095179608222037,
      1.6756374185601568,
      -1.402199559242217
    ]
  ],
  "hk_weight": 0.2787549473158433,
  "hk_power": 0.7833927738618248,
  "hk_hue_mod": -0.5555464527972712,
  "L_corr_p1": 0.11009457255423122,
  "L_corr_p2": -0.7539015078179994,
  "L_corr_p3": 0.6818639869056985,
  "cs_cos1": -0.5308087536908372,
  "cs_sin1": 0.24475147845194264,
  "cs_cos2": -0.20063951198577543,
  "cs_sin2": 0.682112835234983,
  "cs_cos3": -0.31808841377941616,
  "cs_sin3": 0.4465306463933686,
  "lc1": -0.6379167444553531,
  "lc2": -0.7654467377341176,
  "hk_sin1": 0.3637836579533397,
  "hk_cos2": 0.42635230890074083,
  "hk_sin2": 1.19215124852337,
  "hue_cos1": 0.22723919962023975,
  "hue_sin1": -0.4982888083164308,
  "hue_cos2": -0.02030290217536208,
  "hue_sin2": 0.06941205130370554,
  "hue_cos3": 0.13699553895496888,
  "hue_sin3": -0.05931448627566087,
  "hlc_cos1": 0.17567074432445856,
  "hlc_sin1": 0.7489713652589084,
  "hlc_cos2": 0.4896207995180254,
  "hlc_sin2": -0.18132669270335125,
  "hl_cos1": 0.07985339989467104,
  "hl_sin1": 0.14683383730804286,
  "hl_cos2": -0.04606910075911978,
  "hl_sin2": -0.010381805679483174,
  "cp_cos1": -0.4999981197324987,
  "cp_sin1": -0.37498809680700224,
  "cp_cos2": -0.017439350234731508,
  "cp_sin2": 0.3528954456005203,
  "lp_dark": 0.4380514242001854,
  "lp_dark_hcos": -0.13798730223387173,
  "lp_dark_hsin": 0.055364161702448816,
  "dist_power": 0.7881395696554226,
  "dist_wC": 1.2555962371980607,
  "hue_cos4": -0.06984047983470075,
  "hue_sin4": -0.030041366247768608,
  "Lh_cos1": -0.06909775058278911,
  "Lh_sin1": -0.12452159381727088,
  "cs_cos4": 0.16676809146499633,
  "cs_sin4": 0.18153688747825447,
  "dist_nl": 0.0,
  "dist_sat": 0.0,
  "dist_compress": 1.9122100710418264,
  "dist_linear": 0.0,
  "dist_post_power": 1.1120682056925404,
  "dist_sl": 0.47098237661589354,
  "dist_sc": 0.9665558723366168,
  "dist_sl_hcos1": 0.0,
  "dist_sl_hsin1": 0.0,
  "dist_sl_hcos2": 0.0,
  "dist_sl_hsin2": 0.0,
  "dist_sc_hcos1": 0.0,
  "dist_sc_hsin1": 0.0,
  "dist_sc_hcos2": 0.0,
  "dist_sc_hsin2": 0.0,
  "hk_weight_S": 0.0,
  "hk_power_S": 0.0,
  "hk_hue_S": 0.0,
  "lp_dark_S": 0.0,
  "lp_dark_S2": 0.0,
  "cs_S_lin": 0.0,
  "cs_S_quad": 0.0,
  "lc_S_lin": 0.0,
  "lc_S_quad": 0.0,
  "hl_S_lin": 0.0,
  "L_S_offset": 0.0
}