{
  "M1": [
    [
      0.8209825915349368,
      0.08216261816156593,
      -0.107580084314443
    ],
    [
      -0.3500949082063736,
      1.227551723907321,
      0.06643343780050458
    ],
    [
      0.20024024633993714,
      0.08492827065875527,
      1.019897947547018
    ]
  ],
  "gamma": [
    0.35781845992692907,
    0.38117632787036415,
    0.3867910304057395
  ],
  "M2": [
    [
      -0.37944854945522655,
      0.499991706699904,
      0.51959160919419
    ],
    [
      1.9571641356592635,
      -2.6867831675278095,
      0.7762260950615977
    ],
    [
      0.11048211345669422,
      1.679968206097157,
      -1.3987822961380776
    ]
  ],
  "hk_weight": 0.27657000151541794,
  "hk_power": 0.7859120022269409,
  "hk_hue_mod": -0.5522599799356608,
  "L_corr_p1": 0.10774688078997205,
  "L_corr_p2": -0.7539225074280169,
  "L_corr_p3": 0.6808435515220514,
  "cs_cos1": -0.5333558429867373,
  "cs_sin1": 0.23878916199021055,
  "cs_cos2": -0.192924892204439,
  "cs_sin2": 0.6722177203493716,
  "cs_cos3": -0.30950583173769025,
  "cs_sin3": 0.45054694883506846,
  "lc1": -0.6381541426856211,
  "lc2": -0.7654930388491941,
  "hk_sin1": 0.3619704640612851,
  "hk_cos2": 0.4317158972096763,
  "hk_sin2": 1.1910017525863548,
  "hue_cos1": 0.23304195747287035,
  "hue_sin1": -0.4904938984596166,
  "hue_cos2": -0.01442785074562755,
  "hue_sin2": 0.07575823285606642,
  "hue_cos3": 0.13203853762457518,
  "hue_sin3": -0.05622230050483998,
  "hlc_cos1": 0.17376402232060575,
  "hlc_sin1": 0.7492099114271553,
  "hlc_cos2": 0.4884491801869881,
  "hlc_sin2": -0.18528217754642282,
  "hl_cos1": 0.08165344684926519,
  "hl_sin1": 0.14283651368190006,
  "hl_cos2": -0.04018119093967339,
  "hl_sin2": -0.014047834427262994,
  "cp_cos1": -0.4924793540031666,
  "cp_sin1": -0.3688024077282925,
  "cp_cos2": -0.02106086808813729,
  "cp_sin2": 0.35327916094086537,
  "lp_dark": 0.4367616866168993,
  "lp_dark_hcos": -0.1363506601411491,
  "lp_dark_hsin": 0.05429520292000644,
  "dist_power": 0.7860196191940964,
  "dist_wC": 1.2575577596510106,
  "hue_cos4": -0.06867729463079847,
  "hue_sin4": -0.03854651620058839,
  "Lh_cos1": -0.06544302130132233,
  "Lh_sin1": -0.12691559880767941,
  "cs_cos4": 0.1688103587606782,
  "cs_sin4": 0.18456351567302612,
  "dist_nl": 0.0,
  "dist_sat": 0.0,
  "dist_compress": 1.9157504053536072,
  "dist_linear": 0.0,
  "dist_post_power": 1.111815912708037,
  "dist_sl": 0.470878565763679,
  "dist_sc": 0.9586021760915953,
  "dist_sl_hcos1": 0.0,
  "dist_sl_hsin1": 0.0,
  "dist_sl_hcos2": 0.0,
  "dist_sl_hsin2": 0.0,
  "dist_sc_hcos1": 0.0,
  "dist_sc_hsin1": 0.0,
  "dist_sc_hcos2": 0.0,
  "dist_sc_hsin2": 0.0,
  "hk_weight_S": 0.0,
  "hk_power_S": 0.0,
  "hk_hue_S": 0.0,
  "lp_dark_S": 0.0,
  "lp_dark_S2": 0.0,
  "cs_S_lin": 0.0,
  "cs_S_quad": 0.0,
  "lc_S_lin": 0.0,
  "lc_S_quad": 0.0,
  "hl_S_lin": 0.0,
  "L_S_offset": 0.0
}