{
  "M1": [
    [
      0.8204558586565994,
      0.08890499887981734,
      -0.11053463061733182
    ],
    [
      -0.33454799915362676,
      1.2127008326062467,
      0.06789533847946791
    ],
    [
      0.19153845058044106,
      0.0806186712336151,
      1.0141970656433457
    ]
  ],
  "gamma": [
    0.3776694414749112,
    0.3985705108712519,
    0.40805167376487556
  ],
  "M2": [
    [
      -0.3655392332759846,
      0.5133769380948521,
      0.5391100860596754
    ],
    [
      1.9602134184528117,
      -2.659318052571277,
      0.7817442385163375
    ],
    [
      0.10733736132813992,
      1.6834290822646572,
      -1.3908622143679539
    ]
  ],
  "hk_weight": 0.2689567507363177,
  "hk_power": 0.8086707943227905,
  "hk_hue_mod": -0.5431170558497104,
  "L_corr_p1": 0.08577308163536988,
  "L_corr_p2": -0.7651755183743287,
  "L_corr_p3": 0.6717590717411853,
  "cs_cos1": -0.5384571700658489,
  "cs_sin1": 0.21006105530038105,
  "cs_cos2": -0.17150772421560706,
  "cs_sin2": 0.6536133658776718,
  "cs_cos3": -0.30277654307484975,
  "cs_sin3": 0.4373141174844186,
  "lc1": -0.6482601325718206,
  "lc2": -0.768210121953834,
  "hk_sin1": 0.34630317159503027,
  "hk_cos2": 0.449419463249793,
  "hk_sin2": 1.1735933544407011,
  "hue_cos1": 0.23787949469414982,
  "hue_sin1": -0.46136903745593183,
  "hue_cos2": -0.008262389980944172,
  "hue_sin2": 0.08119224080500573,
  "hue_cos3": 0.13694228751563658,
  "hue_sin3": -0.06377630926440372,
  "hlc_cos1": 0.15735053060333853,
  "hlc_sin1": 0.7351928667190024,
  "hlc_cos2": 0.48567272997568445,
  "hlc_sin2": -0.1975935169912281,
  "hl_cos1": 0.08834660636836833,
  "hl_sin1": 0.13211190936582734,
  "hl_cos2": -0.026168446300522435,
  "hl_sin2": -0.021342227823548967,
  "cp_cos1": -0.4769552412186304,
  "cp_sin1": -0.35218682684883285,
  "cp_cos2": -0.026214975692047046,
  "cp_sin2": 0.326275165993393,
  "lp_dark": 0.4246985994209099,
  "lp_dark_hcos": -0.13328579388826378,
  "lp_dark_hsin": 0.040259848962819,
  "dist_power": 0.7745305861337903,
  "dist_wC": 1.2315089210423142,
  "hue_cos4": -0.0668787960788136,
  "hue_sin4": -0.03628928391666504,
  "Lh_cos1": -0.057007039298566195,
  "Lh_sin1": -0.1488857030405408,
  "cs_cos4": 0.15777898810873348,
  "cs_sin4": 0.17353859039147015,
  "dist_nl": 0.0,
  "dist_sat": 0.0,
  "dist_compress": 1.9358455695686223,
  "dist_linear": 0.0,
  "dist_post_power": 1.1056800131728797,
  "dist_sl": 0.46044044185302185,
  "dist_sc": 0.9220204717289311,
  "dist_sl_hcos1": 0.0,
  "dist_sl_hsin1": 0.0,
  "dist_sl_hcos2": 0.0,
  "dist_sl_hsin2": 0.0,
  "dist_sc_hcos1": 0.0,
  "dist_sc_hsin1": 0.0,
  "dist_sc_hcos2": 0.0,
  "dist_sc_hsin2": 0.0,
  "hk_weight_S": 0.0,
  "hk_power_S": 0.0,
  "hk_hue_S": 0.0,
  "lp_dark_S": 0.0,
  "lp_dark_S2": 0.0,
  "cs_S_lin": 0.0,
  "cs_S_quad": 0.0,
  "lc_S_lin": 0.0,
  "lc_S_quad": 0.0,
  "hl_S_lin": 0.0,
  "L_S_offset": 0.0
}