{
  "M1": [
    [
      0.8196515942484563,
      0.09361662394938168,
      -0.1125376191370922
    ],
    [
      -0.33685370342251114,
      1.2087245793278394,
      0.06871222658071256
    ],
    [
      0.1880718000740752,
      0.07877612346221977,
      1.0169123237545323
    ]
  ],
  "gamma": [
    0.3773498083988648,
    0.3963681215239989,
    0.4084711033098181
  ],
  "M2": [
    [
      -0.3686457086222851,
      0.5074725424322338,
      0.5396602332523167
    ],
    [
      1.9593361256392319,
      -2.6589248049661696,
      0.7840235416790388
    ],
    [
      0.10514728564956963,
      1.679759223977254,
      -1.3921371586022442
    ]
  ],
  "hk_weight": 0.2660549683458187,
  "hk_power": 0.8048848537793443,
  "hk_hue_mod": -0.5401299246368925,
  "L_corr_p1": 0.09006014400211697,
  "L_corr_p2": -0.765322034096774,
  "L_corr_p3": 0.6747290737579578,
  "cs_cos1": -0.5374124021431059,
  "cs_sin1": 0.20704577506093907,
  "cs_cos2": -0.17295146418499302,
  "cs_sin2": 0.6509690138152026,
  "cs_cos3": -0.30271990743575516,
  "cs_sin3": 0.4502064026552208,
  "lc1": -0.6498739046214489,
  "lc2": -0.7672061464690253,
  "hk_sin1": 0.3501390677972689,
  "hk_cos2": 0.45229048689843526,
  "hk_sin2": 1.179698653747029,
  "hue_cos1": 0.24453990279478938,
  "hue_sin1": -0.4537082289277779,
  "hue_cos2": 0.0023357215936648324,
  "hue_sin2": 0.07407831381230562,
  "hue_cos3": 0.1414787881051268,
  "hue_sin3": -0.07302856549923409,
  "hlc_cos1": 0.16120593225628332,
  "hlc_sin1": 0.7404834237972033,
  "hlc_cos2": 0.4844354897763032,
  "hlc_sin2": -0.20010427374224848,
  "hl_cos1": 0.09358139372552239,
  "hl_sin1": 0.11991506604629,
  "hl_cos2": -0.026039813227210155,
  "hl_sin2": -0.02835145624667581,
  "cp_cos1": -0.4769740374374801,
  "cp_sin1": -0.349306032349084,
  "cp_cos2": -0.020411420414551275,
  "cp_sin2": 0.3216732021191188,
  "lp_dark": 0.42883322197271484,
  "lp_dark_hcos": -0.1308767297886432,
  "lp_dark_hsin": 0.04137508797038912,
  "dist_power": 0.7930021390457505,
  "dist_wC": 1.2339755219181587,
  "hue_cos4": -0.07435174778274209,
  "hue_sin4": -0.042931516284457814,
  "Lh_cos1": -0.05385068782638817,
  "Lh_sin1": -0.15511839285825715,
  "cs_cos4": 0.1557637327231628,
  "cs_sin4": 0.17136104515014344,
  "dist_nl": 0.0,
  "dist_sat": 0.0,
  "dist_compress": 1.928126414710456,
  "dist_linear": 0.0,
  "dist_post_power": 1.1188380602393746,
  "dist_sl": 0.4647512160735716,
  "dist_sc": 0.9234646005432026,
  "dist_sl_hcos1": 0.0,
  "dist_sl_hsin1": 0.0,
  "dist_sl_hcos2": 0.0,
  "dist_sl_hsin2": 0.0,
  "dist_sc_hcos1": 0.0,
  "dist_sc_hsin1": 0.0,
  "dist_sc_hcos2": 0.0,
  "dist_sc_hsin2": 0.0,
  "hk_weight_S": 0.0,
  "hk_power_S": 0.0,
  "hk_hue_S": 0.0,
  "lp_dark_S": 0.0,
  "lp_dark_S2": 0.0,
  "cs_S_lin": 0.0,
  "cs_S_quad": 0.0,
  "lc_S_lin": 0.0,
  "lc_S_quad": 0.0,
  "hl_S_lin": 0.0,
  "L_S_offset": 0.0
}