{
  "M1": [
    [
      0.8218498745932618,
      0.09182660935765895,
      -0.11182985907608811
    ],
    [
      -0.33566398265145275,
      1.2113568468543736,
      0.06517178411979578
    ],
    [
      0.185921334376742,
      0.07644538934531422,
      1.0153582554899914
    ]
  ],
  "gamma": [
    0.3777016153713336,
    0.3958839668669063,
    0.40575105926533495
  ],
  "M2": [
    [
      -0.37347647454588895,
      0.504169074138114,
      0.5303170873715043
    ],
    [
      1.9605029115475727,
      -2.6598646564375468,
      0.7818337067451482
    ],
    [
      0.10833071636992518,
      1.6829785829834902,
      -1.3931298138344135
    ]
  ],
  "hk_weight": 0.2648481211990092,
  "hk_power": 0.804869054828042,
  "hk_hue_mod": -0.5430820342386781,
  "L_corr_p1": 0.08586853115923838,
  "L_corr_p2": -0.7637999208095616,
  "L_corr_p3": 0.6729832866894316,
  "cs_cos1": -0.5355235353036373,
  "cs_sin1": 0.21394860108690808,
  "cs_cos2": -0.17270825376629506,
  "cs_sin2": 0.655117386781415,
  "cs_cos3": -0.3023889368625421,
  "cs_sin3": 0.4535800053513889,
  "lc1": -0.6465671497706722,
  "lc2": -0.7666471624407487,
  "hk_sin1": 0.35065393862202593,
  "hk_cos2": 0.4497996517490712,
  "hk_sin2": 1.1805957990457847,
  "hue_cos1": 0.24460319167553485,
  "hue_sin1": -0.45790671003159883,
  "hue_cos2": -0.000985367436765952,
  "hue_sin2": 0.07908459209347783,
  "hue_cos3": 0.1403747747199099,
  "hue_sin3": -0.06512002286446297,
  "hlc_cos1": 0.1633734904302148,
  "hlc_sin1": 0.7429940908971424,
  "hlc_cos2": 0.4846312201519277,
  "hlc_sin2": -0.19779588497103476,
  "hl_cos1": 0.09093128571128732,
  "hl_sin1": 0.12446258703207172,
  "hl_cos2": -0.02076099100893898,
  "hl_sin2": -0.022674452525938343,
  "cp_cos1": -0.4753592470664298,
  "cp_sin1": -0.348506434579801,
  "cp_cos2": -0.025666051942808927,
  "cp_sin2": 0.3281565886146555,
  "lp_dark": 0.42663061854788636,
  "lp_dark_hcos": -0.1330827469761608,
  "lp_dark_hsin": 0.04218581604879968,
  "dist_power": 0.7751595340478937,
  "dist_wC": 1.2388832470590405,
  "hue_cos4": -0.0656032077766844,
  "hue_sin4": -0.04269264046460929,
  "Lh_cos1": -0.05643014252589699,
  "Lh_sin1": -0.1486578401750564,
  "cs_cos4": 0.15920705884756337,
  "cs_sin4": 0.17518000459498945,
  "dist_nl": 0.0,
  "dist_sat": 0.0,
  "dist_compress": 1.932360160381809,
  "dist_linear": 0.0,
  "dist_post_power": 1.107749488229663,
  "dist_sl": 0.46468085319981806,
  "dist_sc": 0.9270051230949787,
  "dist_sl_hcos1": 0.0,
  "dist_sl_hsin1": 0.0,
  "dist_sl_hcos2": 0.0,
  "dist_sl_hsin2": 0.0,
  "dist_sc_hcos1": 0.0,
  "dist_sc_hsin1": 0.0,
  "dist_sc_hcos2": 0.0,
  "dist_sc_hsin2": 0.0,
  "hk_weight_S": 0.0,
  "hk_power_S": 0.0,
  "hk_hue_S": 0.0,
  "lp_dark_S": 0.0,
  "lp_dark_S2": 0.0,
  "cs_S_lin": 0.0,
  "cs_S_quad": 0.0,
  "lc_S_lin": 0.0,
  "lc_S_quad": 0.0,
  "hl_S_lin": 0.0,
  "L_S_offset": 0.0
}