{
  "M1": [
    [
      0.8217436782743985,
      0.09175151069742606,
      -0.111904957736321
    ],
    [
      -0.3357390813116856,
      1.2111749043018483,
      0.06524688278002867
    ],
    [
      0.18594833507848277,
      0.0765188210806685,
      1.0154252332629843
    ]
  ],
  "gamma": [
    0.3777585253023083,
    0.39585974131653767,
    0.4058055557537114
  ],
  "M2": [
    [
      -0.3735515732061218,
      0.5040933492941166,
      0.530237435165984
    ],
    [
      1.9604598080989828,
      -2.659898714715679,
      0.7817162774173453
    ],
    [
      0.10825561770969229,
      1.682725804109925,
      -1.3932907122319456
    ]
  ],
  "hk_weight": 0.2648216088517539,
  "hk_power": 0.8048656096525211,
  "hk_hue_mod": -0.5430800836702913,
  "L_corr_p1": 0.08578328145933369,
  "L_corr_p2": -0.7637390660758148,
  "L_corr_p3": 0.6729465906428964,
  "cs_cos1": -0.5354096390747921,
  "cs_sin1": 0.21402730962948482,
  "cs_cos2": -0.17266943544985394,
  "cs_sin2": 0.6551503564967593,
  "cs_cos3": -0.3024337557741441,
  "cs_sin3": 0.4536107093080989,
  "lc1": -0.6465135720254415,
  "lc2": -0.7666330244595472,
  "hk_sin1": 0.35065909849060956,
  "hk_cos2": 0.4497792028247181,
  "hk_sin2": 1.180615643550501,
  "hue_cos1": 0.24462876495304542,
  "hue_sin1": -0.4578947954863889,
  "hue_cos2": -0.0009352029969115778,
  "hue_sin2": 0.07902660745744086,
  "hue_cos3": 0.1404107845500492,
  "hue_sin3": -0.06506343652234578,
  "hlc_cos1": 0.16338428963870957,
  "hlc_sin1": 0.7430198252964032,
  "hlc_cos2": 0.48459988382212094,
  "hlc_sin2": -0.19779752824698763,
  "hl_cos1": 0.09089214115688728,
  "hl_sin1": 0.12442008493659826,
  "hl_cos2": -0.02078895164288563,
  "hl_sin2": -0.022642142633836904,
  "cp_cos1": -0.4752783767980101,
  "cp_sin1": -0.34842147231788645,
  "cp_cos2": -0.025613416187834505,
  "cp_sin2": 0.3281737955612754,
  "lp_dark": 0.4265863478830778,
  "lp_dark_hcos": -0.13309524239992032,
  "lp_dark_hsin": 0.04217920908594324,
  "dist_power": 0.775131981898084,
  "dist_wC": 1.2390368287778244,
  "hue_cos4": -0.0655665993619099,
  "hue_sin4": -0.042658326120381874,
  "Lh_cos1": -0.056459361623977994,
  "Lh_sin1": -0.1486642511545585,
  "cs_cos4": 0.15914320277698396,
  "cs_sin4": 0.17516561085247226,
  "dist_nl": 0.0,
  "dist_sat": 0.0,
  "dist_compress": 1.9324168780493844,
  "dist_linear": 0.0,
  "dist_post_power": 1.1077186727973252,
  "dist_sl": 0.46468291851262766,
  "dist_sc": 0.9268826009904076,
  "dist_sl_hcos1": 0.0,
  "dist_sl_hsin1": 0.0,
  "dist_sl_hcos2": 0.0,
  "dist_sl_hsin2": 0.0,
  "dist_sc_hcos1": 0.0,
  "dist_sc_hsin1": 0.0,
  "dist_sc_hcos2": 0.0,
  "dist_sc_hsin2": 0.0,
  "hk_weight_S": 0.0,
  "hk_power_S": 0.0,
  "hk_hue_S": 0.0,
  "lp_dark_S": 0.0,
  "lp_dark_S2": 0.0,
  "cs_S_lin": 0.0,
  "cs_S_quad": 0.0,
  "lc_S_lin": 0.0,
  "lc_S_quad": 0.0,
  "hl_S_lin": 0.0,
  "L_S_offset": 0.0
}