{
  "M1": [
    [
      0.8222706504815975,
      0.09208087743261238,
      -0.11209632733966514
    ],
    [
      -0.33591818150554664,
      1.2107385851942138,
      0.06544158894478726
    ],
    [
      0.18566211655023937,
      0.07641178360665934,
      1.0152146253282868
    ]
  ],
  "gamma": [
    0.3776311528063644,
    0.3960421835108039,
    0.4059560004147285
  ],
  "M2": [
    [
      -0.3737356756226308,
      0.5039074198406551,
      0.5300415758190912
    ],
    [
      1.9608577160996135,
      -2.659531370111986,
      0.7816960276305962
    ],
    [
      0.10817288159542614,
      1.6825797284571467,
      -1.3936480616273108
    ]
  ],
  "hk_weight": 0.26475708928954167,
  "hk_power": 0.8049082960039382,
  "hk_hue_mod": -0.5430777906821677,
  "L_corr_p1": 0.08556427133911684,
  "L_corr_p2": -0.7636088611917204,
  "L_corr_p3": 0.6727915752119539,
  "cs_cos1": -0.5351229198628991,
  "cs_sin1": 0.214060047449105,
  "cs_cos2": -0.17238278817032499,
  "cs_sin2": 0.6549783852957971,
  "cs_cos3": -0.30213332779933116,
  "cs_sin3": 0.4536492864415148,
  "lc1": -0.646343344591192,
  "lc2": -0.7665919918602861,
  "hk_sin1": 0.3506445369238341,
  "hk_cos2": 0.4497783090130529,
  "hk_sin2": 1.1806381826738037,
  "hue_cos1": 0.24469419651888438,
  "hue_sin1": -0.4575774523662741,
  "hue_cos2": -0.0008099175343034648,
  "hue_sin2": 0.07912541338107833,
  "hue_cos3": 0.14050036303964428,
  "hue_sin3": -0.06492387908052512,
  "hlc_cos1": 0.16341801958508118,
  "hlc_sin1": 0.7430823769085516,
  "hlc_cos2": 0.48450004277910413,
  "hlc_sin2": -0.19781059255884034,
  "hl_cos1": 0.09079676921047637,
  "hl_sin1": 0.12431587939693421,
  "hl_cos2": -0.02085749550607966,
  "hl_sin2": -0.022563643653213748,
  "cp_cos1": -0.4750758700587698,
  "cp_sin1": -0.34821377033334405,
  "cp_cos2": -0.025794184384411133,
  "cp_sin2": 0.3282164152262069,
  "lp_dark": 0.42639723983092226,
  "lp_dark_hcos": -0.1331602738383309,
  "lp_dark_hsin": 0.042125466388583374,
  "dist_power": 0.7750618914190378,
  "dist_wC": 1.2394028221615179,
  "hue_cos4": -0.06547622647476123,
  "hue_sin4": -0.042575286659753436,
  "Lh_cos1": -0.05658246954224335,
  "Lh_sin1": -0.1487395842364415,
  "cs_cos4": 0.15931854590865271,
  "cs_sin4": 0.17529211178290047,
  "dist_nl": 0.0,
  "dist_sat": 0.0,
  "dist_compress": 1.9326659741664516,
  "dist_linear": 0.0,
  "dist_post_power": 1.1076426466604858,
  "dist_sl": 0.4646585057759283,
  "dist_sc": 0.9264983707880442,
  "dist_sl_hcos1": 0.0,
  "dist_sl_hsin1": 0.0,
  "dist_sl_hcos2": 0.0,
  "dist_sl_hsin2": 0.0,
  "dist_sc_hcos1": 0.0,
  "dist_sc_hsin1": 0.0,
  "dist_sc_hcos2": 0.0,
  "dist_sc_hsin2": 0.0,
  "hk_weight_S": 0.0,
  "hk_power_S": 0.0,
  "hk_hue_S": 0.0,
  "lp_dark_S": 0.0,
  "lp_dark_S2": 0.0,
  "cs_S_lin": 0.0,
  "cs_S_quad": 0.0,
  "lc_S_lin": 0.0,
  "lc_S_quad": 0.0,
  "hl_S_lin": 0.0,
  "L_S_offset": 0.0
}