{
  "M1": [
    [
      0.8221990099559987,
      0.09203444474712477,
      -0.11206960295832487
    ],
    [
      -0.3358740638165118,
      1.2108411513744195,
      0.0654120726641382
    ],
    [
      0.1857013136839225,
      0.07633610156462131,
      1.0151310992355442
    ]
  ],
  "gamma": [
    0.3776597854674606,
    0.39598799838646137,
    0.40593693457239277
  ],
  "M2": [
    [
      -0.37369701961415414,
      0.503946201980008,
      0.5300822449694411
    ],
    [
      1.960797059897561,
      -2.659303386533122,
      0.7820295324510574
    ],
    [
      0.10847581153564954,
      1.6829510739367206,
      -1.3931750721141993
    ]
  ],
  "hk_weight": 0.264770690592133,
  "hk_power": 0.8049166612480344,
  "hk_hue_mod": -0.5430791540138267,
  "L_corr_p1": 0.085611461954458,
  "L_corr_p2": -0.7636436205883025,
  "L_corr_p3": 0.672802968952699,
  "cs_cos1": -0.535182575145523,
  "cs_sin1": 0.21398438983057258,
  "cs_cos2": -0.17237912826048463,
  "cs_sin2": 0.6549295286140036,
  "cs_cos3": -0.30205839024565395,
  "cs_sin3": 0.45362875758306315,
  "lc1": -0.6463669830529987,
  "lc2": -0.7665987139658972,
  "hk_sin1": 0.3506383910899027,
  "hk_cos2": 0.4497953388694809,
  "hk_sin2": 1.1806242636748485,
  "hue_cos1": 0.2446835389472764,
  "hue_sin1": -0.4576278657650168,
  "hue_cos2": -0.0008339983068303498,
  "hue_sin2": 0.07920694999587546,
  "hue_cos3": 0.14048273194110436,
  "hue_sin3": -0.06495267590107125,
  "hlc_cos1": 0.16341320546168317,
  "hlc_sin1": 0.7430687044497226,
  "hlc_cos2": 0.48451389291102026,
  "hlc_sin2": -0.1978107873358881,
  "hl_cos1": 0.09081714760784655,
  "hl_sin1": 0.12433772092030977,
  "hl_cos2": -0.020843118156165207,
  "hl_sin2": -0.022581375429683068,
  "cp_cos1": -0.4751178790063838,
  "cp_sin1": -0.34825806149412325,
  "cp_cos2": -0.025804248163058662,
  "cp_sin2": 0.3282071761603137,
  "lp_dark": 0.4264107215106376,
  "lp_dark_hcos": -0.13315795989558887,
  "lp_dark_hsin": 0.042124283716000695,
  "dist_power": 0.7750731513496093,
  "dist_wC": 1.2393197720389302,
  "hue_cos4": -0.06549276197046475,
  "hue_sin4": -0.04259436753114455,
  "Lh_cos1": -0.056558939061379716,
  "Lh_sin1": -0.14874365758582728,
  "cs_cos4": 0.1593059872423304,
  "cs_sin4": 0.1752753517894645,
  "dist_nl": 0.0,
  "dist_sat": 0.0,
  "dist_compress": 1.9326495354764182,
  "dist_linear": 0.0,
  "dist_post_power": 1.1076576874475483,
  "dist_sl": 0.46465371920754833,
  "dist_sc": 0.926553102033932,
  "dist_sl_hcos1": 0.0,
  "dist_sl_hsin1": 0.0,
  "dist_sl_hcos2": 0.0,
  "dist_sl_hsin2": 0.0,
  "dist_sc_hcos1": 0.0,
  "dist_sc_hsin1": 0.0,
  "dist_sc_hcos2": 0.0,
  "dist_sc_hsin2": 0.0,
  "hk_weight_S": 0.0,
  "hk_power_S": 0.0,
  "hk_hue_S": 0.0,
  "lp_dark_S": 0.0,
  "lp_dark_S2": 0.0,
  "cs_S_lin": 0.0,
  "cs_S_quad": 0.0,
  "lc_S_lin": 0.0,
  "lc_S_quad": 0.0,
  "hl_S_lin": 0.0,
  "L_S_offset": 0.0
}