{
  "M1": [
    [
      0.8222911104779572,
      0.09209505004149665,
      -0.11209829975992582
    ],
    [
      -0.33593242333529044,
      1.2107064919336914,
      0.06544022480363348
    ],
    [
      0.1856528936929043,
      0.07617694866147652,
      1.0148272973716617
    ]
  ],
  "gamma": [
    0.37762011620154534,
    0.3960822965827192,
    0.40594585734244
  ],
  "M2": [
    [
      -0.37374491522972664,
      0.5038983951560511,
      0.5300323700083346
    ],
    [
      1.960874969293268,
      -2.6586080318533574,
      0.7822367523528605
    ],
    [
      0.10859915705376288,
      1.683437580509026,
      -1.3924680868202102
    ]
  ],
  "hk_weight": 0.26475332651798544,
  "hk_power": 0.8050013612463114,
  "hk_hue_mod": -0.5430820261374546,
  "L_corr_p1": 0.08555146028684546,
  "L_corr_p2": -0.7636268538842159,
  "L_corr_p3": 0.6726802626450454,
  "cs_cos1": -0.5350830349634514,
  "cs_sin1": 0.21374832888056924,
  "cs_cos2": -0.17228851695885086,
  "cs_sin2": 0.6545965513023236,
  "cs_cos3": -0.30192278462676336,
  "cs_sin3": 0.4536244147774746,
  "lc1": -0.6462693549344958,
  "lc2": -0.7665785819898098,
  "hk_sin1": 0.3506004015641238,
  "hk_cos2": 0.4498524869262987,
  "hk_sin2": 1.1805934240337148,
  "hue_cos1": 0.24469460353403696,
  "hue_sin1": -0.4575638551885407,
  "hue_cos2": -0.0008060542972627378,
  "hue_sin2": 0.0792352465200595,
  "hue_cos3": 0.1405034921084425,
  "hue_sin3": -0.06491775459061215,
  "hlc_cos1": 0.16343387369002407,
  "hlc_sin1": 0.7430860786864623,
  "hlc_cos2": 0.48445917781765957,
  "hlc_sin2": -0.1978211472565977,
  "hl_cos1": 0.0907913632290608,
  "hl_sin1": 0.12431066299590317,
  "hl_cos2": -0.020860936489642615,
  "hl_sin2": -0.022602202657198655,
  "cp_cos1": -0.4750389378940925,
  "cp_sin1": -0.34820273638308197,
  "cp_cos2": -0.025835825981987477,
  "cp_sin2": 0.32821809496514254,
  "lp_dark": 0.42629895807200907,
  "lp_dark_hcos": -0.13321407433391222,
  "lp_dark_hsin": 0.042062374832742985,
  "dist_power": 0.7750610486965813,
  "dist_wC": 1.2394166229088595,
  "hue_cos4": -0.06547235074320594,
  "hue_sin4": -0.042784736149342834,
  "Lh_cos1": -0.056588905453723845,
  "Lh_sin1": -0.14878359288124895,
  "cs_cos4": 0.15932903576779006,
  "cs_sin4": 0.17529626446391036,
  "dist_nl": 0.0,
  "dist_sat": 0.0,
  "dist_compress": 1.9328518662539833,
  "dist_linear": 0.0,
  "dist_post_power": 1.107639338252235,
  "dist_sl": 0.46461156865031616,
  "dist_sc": 0.9263413562030822,
  "dist_sl_hcos1": 0.0,
  "dist_sl_hsin1": 0.0,
  "dist_sl_hcos2": 0.0,
  "dist_sl_hsin2": 0.0,
  "dist_sc_hcos1": 0.0,
  "dist_sc_hsin1": 0.0,
  "dist_sc_hcos2": 0.0,
  "dist_sc_hsin2": 0.0,
  "hk_weight_S": 0.0,
  "hk_power_S": 0.0,
  "hk_hue_S": 0.0,
  "lp_dark_S": 0.0,
  "lp_dark_S2": 0.0,
  "cs_S_lin": 0.0,
  "cs_S_quad": 0.0,
  "lc_S_lin": 0.0,
  "lc_S_quad": 0.0,
  "hl_S_lin": 0.0,
  "L_S_offset": 0.0
}