{
  "M1": [
    [
      0.8219386965425283,
      0.09178792442261229,
      -0.11193801039920177
    ],
    [
      -0.33576883223430004,
      1.2111025808539468,
      0.06528143678831853
    ],
    [
      0.18585790712453157,
      0.07647032144668886,
      1.0153497886190221
    ]
  ],
  "gamma": [
    0.37767087681162587,
    0.3959510087486241,
    0.4058344345891282
  ],
  "M2": [
    [
      -0.37358285143602754,
      0.5040616757003802,
      0.5302039730232139
    ],
    [
      1.9606490567737815,
      -2.659866945451958,
      0.7816679555887323
    ],
    [
      0.10822690963258402,
      1.6826647197674207,
      -1.3933530602278132
    ]
  ],
  "hk_weight": 0.2648108289242892,
  "hk_power": 0.804878153947615,
  "hk_hue_mod": -0.543079957908573,
  "L_corr_p1": 0.08574370338424353,
  "L_corr_p2": -0.7637191239876175,
  "L_corr_p3": 0.6729136351270735,
  "cs_cos1": -0.5353605584663148,
  "cs_sin1": 0.21402264295811615,
  "cs_cos2": -0.1726009992932375,
  "cs_sin2": 0.6550948040038449,
  "cs_cos3": -0.3023400269128923,
  "cs_sin3": 0.45361330454245063,
  "lc1": -0.6464808035269056,
  "lc2": -0.7666254408585622,
  "hk_sin1": 0.35065379232210814,
  "hk_cos2": 0.44978422934529955,
  "hk_sin2": 1.1806167067838087,
  "hue_cos1": 0.24464043340985558,
  "hue_sin1": -0.45779711381874133,
  "hue_cos2": -0.0009133152181970188,
  "hue_sin2": 0.0790029005289146,
  "hue_cos3": 0.14042632267946561,
  "hue_sin3": -0.0650395391855641,
  "hlc_cos1": 0.16339073345198887,
  "hlc_sin1": 0.7430303176666038,
  "hlc_cos2": 0.48458064028362074,
  "hlc_sin2": -0.19780068156716574,
  "hl_cos1": 0.09087612316934131,
  "hl_sin1": 0.12440238719538299,
  "hl_cos2": -0.020800612869459095,
  "hl_sin2": -0.022628907434843217,
  "cp_cos1": -0.475243847405583,
  "cp_sin1": -0.34838637769551556,
  "cp_cos2": -0.0256742002058348,
  "cp_sin2": 0.32818124921233316,
  "lp_dark": 0.4265460164982035,
  "lp_dark_hcos": -0.1331098126716653,
  "lp_dark_hsin": 0.04216621613155521,
  "dist_power": 0.7751196777484439,
  "dist_wC": 1.2390973869001696,
  "hue_cos4": -0.0655513790403819,
  "hue_sin4": -0.042644351487497144,
  "Lh_cos1": -0.05649261864318881,
  "Lh_sin1": -0.14868317635512115,
  "cs_cos4": 0.15920762138253616,
  "cs_sin4": 0.17522593320329224,
  "dist_nl": 0.0,
  "dist_sat": 0.0,
  "dist_compress": 1.9324704160512152,
  "dist_linear": 0.0,
  "dist_post_power": 1.1077057664707837,
  "dist_sl": 0.46467570802450353,
  "dist_sc": 0.9268090454533571,
  "dist_sl_hcos1": 0.0,
  "dist_sl_hsin1": 0.0,
  "dist_sl_hcos2": 0.0,
  "dist_sl_hsin2": 0.0,
  "dist_sc_hcos1": 0.0,
  "dist_sc_hsin1": 0.0,
  "dist_sc_hcos2": 0.0,
  "dist_sc_hsin2": 0.0,
  "hk_weight_S": 0.0,
  "hk_power_S": 0.0,
  "hk_hue_S": 0.0,
  "lp_dark_S": 0.0,
  "lp_dark_S2": 0.0,
  "cs_S_lin": 0.0,
  "cs_S_quad": 0.0,
  "lc_S_lin": 0.0,
  "lc_S_quad": 0.0,
  "hl_S_lin": 0.0,
  "L_S_offset": 0.0
}