{
  "M1": [
    [
      0.8222337100044421,
      0.09205742245412549,
      -0.11208277731652679
    ],
    [
      -0.33589865151786863,
      1.2107862293534952,
      0.06541800317052943
    ],
    [
      0.18568363566089338,
      0.07624262104807315,
      1.0150037333751405
    ]
  ],
  "gamma": [
    0.3776433745607217,
    0.3960415057944984,
    0.4059316943751133
  ],
  "M2": [
    [
      -0.37371651610624307,
      0.5039266222251115,
      0.5300618141040818
    ],
    [
      1.960826539730488,
      -2.6589349895175123,
      0.7821949669111616
    ],
    [
      0.10856457429529545,
      1.6832784977816544,
      -1.3927609503265215
    ]
  ],
  "hk_weight": 0.2647634133871851,
  "hk_power": 0.8049367577547701,
  "hk_hue_mod": -0.5430796362859629,
  "L_corr_p1": 0.08558804476944437,
  "L_corr_p2": -0.763634748861997,
  "L_corr_p3": 0.672766311234035,
  "cs_cos1": -0.5351482114272506,
  "cs_sin1": 0.21392434855088974,
  "cs_cos2": -0.17233719869518332,
  "cs_sin2": 0.6548348174471537,
  "cs_cos3": -0.30197748734966273,
  "cs_sin3": 0.4536222892777294,
  "lc1": -0.6463364256509356,
  "lc2": -0.766592241380981,
  "hk_sin1": 0.3506286122876796,
  "hk_cos2": 0.4498099104763551,
  "hk_sin2": 1.1806189746481894,
  "hue_cos1": 0.24468948300245047,
  "hue_sin1": -0.45760282276675684,
  "hue_cos2": -0.0008203145625403998,
  "hue_sin2": 0.07921909876311083,
  "hue_cos3": 0.14049159344861942,
  "hue_sin3": -0.06493747088537845,
  "hlc_cos1": 0.16341913244325124,
  "hlc_sin1": 0.7430755076887108,
  "hlc_cos2": 0.4844958551473763,
  "hlc_sin2": -0.19781495360660548,
  "hl_cos1": 0.09080698652761646,
  "hl_sin1": 0.12432656409370584,
  "hl_cos2": -0.020850887609775194,
  "hl_sin2": -0.022572901900871314,
  "cp_cos1": -0.4750940203976003,
  "cp_sin1": -0.34823594527647556,
  "cp_cos2": -0.025816337314699143,
  "cp_sin2": 0.32821157926562633,
  "lp_dark": 0.4263656432531351,
  "lp_dark_hcos": -0.13317544061610764,
  "lp_dark_hsin": 0.042107057859327265,
  "dist_power": 0.7750657068813435,
  "dist_wC": 1.2393574527699018,
  "hue_cos4": -0.0654832206431796,
  "hue_sin4": -0.04270380932252067,
  "Lh_cos1": -0.056570660255737905,
  "Lh_sin1": -0.14876895330158596,
  "cs_cos4": 0.15931511931096015,
  "cs_sin4": 0.17528370051576916,
  "dist_nl": 0.0,
  "dist_sat": 0.0,
  "dist_compress": 1.9327100745316435,
  "dist_linear": 0.0,
  "dist_post_power": 1.1076493713854771,
  "dist_sl": 0.464642214908184,
  "dist_sc": 0.9264853012176453,
  "dist_sl_hcos1": 0.0,
  "dist_sl_hsin1": 0.0,
  "dist_sl_hcos2": 0.0,
  "dist_sl_hsin2": 0.0,
  "dist_sc_hcos1": 0.0,
  "dist_sc_hsin1": 0.0,
  "dist_sc_hcos2": 0.0,
  "dist_sc_hsin2": 0.0,
  "hk_weight_S": 0.0,
  "hk_power_S": 0.0,
  "hk_hue_S": 0.0,
  "lp_dark_S": 0.0,
  "lp_dark_S2": 0.0,
  "cs_S_lin": 0.0,
  "cs_S_quad": 0.0,
  "lc_S_lin": 0.0,
  "lc_S_quad": 0.0,
  "hl_S_lin": 0.0,
  "L_S_offset": 0.0
}