{
  "M1": [
    [
      0.8217363762317406,
      0.09175755881386145,
      -0.1118989096198856
    ],
    [
      -0.3357330331952503,
      1.2111954782725254,
      0.06524083466359328
    ],
    [
      0.1859903849205395,
      0.07651443988911172,
      1.0154984775693732
    ]
  ],
  "gamma": [
    0.37775430539089766,
    0.39586132897140863,
    0.4057275129323762
  ],
  "M2": [
    [
      -0.37354552508968647,
      0.5040994478406438,
      0.5302438500049681
    ],
    [
      1.9602768012420693,
      -2.659895971811464,
      0.7817257346599282
    ],
    [
      0.10826166582612769,
      1.682746161810781,
      -1.3932777541813024
    ]
  ],
  "hk_weight": 0.26486271800722455,
  "hk_power": 0.8048544809488523,
  "hk_hue_mod": -0.5430796976451239,
  "L_corr_p1": 0.08582850127776977,
  "L_corr_p2": -0.7637400446348218,
  "L_corr_p3": 0.6729642818653063,
  "cs_cos1": -0.5354211141288768,
  "cs_sin1": 0.21402097078897173,
  "cs_cos2": -0.1727154680103819,
  "cs_sin2": 0.655149139224067,
  "cs_cos3": -0.30245316409356715,
  "cs_sin3": 0.45361631675333614,
  "lc1": -0.6465268556341578,
  "lc2": -0.7666356612036707,
  "hk_sin1": 0.35066473730452835,
  "hk_cos2": 0.449769949083902,
  "hk_sin2": 1.1806197684936552,
  "hue_cos1": 0.24462670539353346,
  "hue_sin1": -0.45791058545101554,
  "hue_cos2": -0.0009392430206911536,
  "hue_sin2": 0.07903127728549275,
  "hue_cos3": 0.14040788447640173,
  "hue_sin3": -0.06506799373794345,
  "hlc_cos1": 0.16338174517738083,
  "hlc_sin1": 0.7430177527608527,
  "hlc_cos2": 0.484607727632781,
  "hlc_sin2": -0.19779535142332397,
  "hl_cos1": 0.09089529368746622,
  "hl_sin1": 0.1244235078687967,
  "hl_cos2": -0.020786699816166057,
  "hl_sin2": -0.022644744730716374,
  "cp_cos1": -0.47528615420281545,
  "cp_sin1": -0.3485131934504677,
  "cp_cos2": -0.025617655240485548,
  "cp_sin2": 0.3281704107123798,
  "lp_dark": 0.4266081592377323,
  "lp_dark_hcos": -0.13308648717439728,
  "lp_dark_hsin": 0.042188168179096645,
  "dist_power": 0.7752262682190143,
  "dist_wC": 1.239026001230083,
  "hue_cos4": -0.06556954764293628,
  "hue_sin4": -0.04266108964703665,
  "Lh_cos1": -0.056437602937221866,
  "Lh_sin1": -0.1486503815627163,
  "cs_cos4": 0.15914636737304527,
  "cs_sin4": 0.17511784253301813,
  "dist_nl": 0.0,
  "dist_sat": 0.0,
  "dist_compress": 1.932387407229592,
  "dist_linear": 0.0,
  "dist_post_power": 1.1077856017111865,
  "dist_sl": 0.4646893302367243,
  "dist_sc": 0.926911865549766,
  "dist_sl_hcos1": 0.0,
  "dist_sl_hsin1": 0.0,
  "dist_sl_hcos2": 0.0,
  "dist_sl_hsin2": 0.0,
  "dist_sc_hcos1": 0.0,
  "dist_sc_hsin1": 0.0,
  "dist_sc_hcos2": 0.0,
  "dist_sc_hsin2": 0.0,
  "hk_weight_S": 0.0,
  "hk_power_S": 0.0,
  "hk_hue_S": 0.0,
  "lp_dark_S": 0.0,
  "lp_dark_S2": 0.0,
  "cs_S_lin": 0.0,
  "cs_S_quad": 0.0,
  "lc_S_lin": 0.0,
  "lc_S_quad": 0.0,
  "hl_S_lin": 0.0,
  "L_S_offset": 0.0
}