{
  "M1": [
    [
      0.8238029363651963,
      0.09281601268827265,
      -0.11255336747626808
    ],
    [
      -0.3372500448836127,
      1.2074637666097896,
      0.06741785360460709
    ],
    [
      0.18422835162497667,
      0.07492287243274874,
      1.0124798371352868
    ]
  ],
  "gamma": [
    0.37800110091611966,
    0.3961652831496375,
    0.40863600337892986
  ],
  "M2": [
    [
      -0.37572626207459675,
      0.5018428338064148,
      0.5278878362097967
    ],
    [
      1.962166222470026,
      -2.6522948510525666,
      0.7831888238659006
    ],
    [
      0.10915322507499246,
      1.6847310804846776,
      -1.3901343607043841
    ]
  ],
  "hk_weight": 0.26390999673613824,
  "hk_power": 0.8059497868507939,
  "hk_hue_mod": -0.5430946389013624,
  "L_corr_p1": 0.08377387889188592,
  "L_corr_p2": -0.7628464441165317,
  "L_corr_p3": 0.670806062513287,
  "cs_cos1": -0.5328148544358544,
  "cs_sin1": 0.2116484007659065,
  "cs_cos2": -0.1699865992268255,
  "cs_sin2": 0.651613281127455,
  "cs_cos3": -0.2994306952681465,
  "cs_sin3": 0.4536668303168568,
  "lc1": -0.6445531184838338,
  "lc2": -0.7661974914965438,
  "hk_sin1": 0.3501806993729356,
  "hk_cos2": 0.4503733584479403,
  "hk_sin2": 1.180446399984535,
  "hue_cos1": 0.2465711319548375,
  "hue_sin1": -0.4554059116439008,
  "hue_cos2": 0.0015216538079704442,
  "hue_sin2": 0.08082408619308831,
  "hue_cos3": 0.14137643708769224,
  "hue_sin3": -0.06277137037996086,
  "hlc_cos1": 0.16377609331217763,
  "hlc_sin1": 0.743604145106463,
  "hlc_cos2": 0.4834609753733138,
  "hlc_sin2": -0.19798815669250727,
  "hl_cos1": 0.0899452318759602,
  "hl_sin1": 0.12307983336405497,
  "hl_cos2": -0.021786185069911503,
  "hl_sin2": -0.02286511357539157,
  "cp_cos1": -0.4730917081395413,
  "cp_sin1": -0.346014010844675,
  "cp_cos2": -0.02663841103830206,
  "cp_sin2": 0.3286483756452727,
  "lp_dark": 0.42459273766096256,
  "lp_dark_hcos": -0.13390262749087645,
  "lp_dark_hsin": 0.04123652970168833,
  "dist_power": 0.7726281614188928,
  "dist_wC": 1.2420702263114287,
  "hue_cos4": -0.06380873796807816,
  "hue_sin4": -0.0434468685127571,
  "Lh_cos1": -0.057514057256537486,
  "Lh_sin1": -0.1495278864598803,
  "cs_cos4": 0.16013155994547845,
  "cs_sin4": 0.1762922704624944,
  "dist_nl": 0.0,
  "dist_sat": 0.0,
  "dist_compress": 1.9359159457999842,
  "dist_linear": 0.0,
  "dist_post_power": 1.1062049954435718,
  "dist_sl": 0.4641083015638121,
  "dist_sc": 0.9225420644945881,
  "dist_sl_hcos1": 0.0,
  "dist_sl_hsin1": 0.0,
  "dist_sl_hcos2": 0.0,
  "dist_sl_hsin2": 0.0,
  "dist_sc_hcos1": 0.0,
  "dist_sc_hsin1": 0.0,
  "dist_sc_hcos2": 0.0,
  "dist_sc_hsin2": 0.0,
  "hk_weight_S": 0.0,
  "hk_power_S": 0.0,
  "hk_hue_S": 0.0,
  "lp_dark_S": 0.0,
  "lp_dark_S2": 0.0,
  "cs_S_lin": 0.0,
  "cs_S_quad": 0.0,
  "lc_S_lin": 0.0,
  "lc_S_quad": 0.0,
  "hl_S_lin": 0.0,
  "L_S_offset": 0.0
}