{
  "M1": [
    [
      0.8154374735648701,
      0.3603221491264266,
      -0.12432703417946676
    ],
    [
      0.03298391207546648,
      0.9292940788255503,
      0.03614494665290377
    ],
    [
      0.048184113668356454,
      0.26427748135788043,
      0.6336388271114471
    ]
  ],
  "M2": [
    [
      0.21186668013760682,
      0.7989440040850104,
      -0.004099375589489282
    ],
    [
      2.4672018828033475,
      -2.9877348024830788,
      0.520532919679731
    ],
    [
      -0.11390787868068575,
      1.3932982808117473,
      -1.279390402131062
    ]
  ],
  "transfer": "depcubic",
  "depcubic_alpha": 0.022,
  "L_corr_pw": [
    -0.040505986477810375,
    -0.07435430161969014,
    -0.09474033834131092,
    -0.09425098468772593,
    -0.08944146679273975,
    -0.0859403510700625,
    -0.08213769491188778,
    -0.07795647538955015,
    -0.07609479014797572,
    -0.06979002219081165,
    -0.06645348378711273,
    -0.06001753295886477,
    -0.054328991866965846,
    -0.045783833354952314,
    -0.03846197834800118,
    -0.029723758728833132,
    -0.020668653228716388,
    -0.010593613802940943,
    -0.003717042652527224
  ],
  "L_corr_pw_step": 0.05,
  "enrichment": {
    "type": "L_gated_hue",
    "amp": 0.058,
    "center_deg": 264.5,
    "sigma": 0.7,
    "L_lo": 0.37,
    "L_hi": 1.0
  },
  "enrichment_gr": 1.5240031403836274,
  "enrichment_rt": 8.326672684688674e-15,
  "chroma_power": 0.98
}