{
  "M1": [
    [
      0.8154374735648701,
      0.3603221491264266,
      -0.12432703417946676
    ],
    [
      0.03298391207546648,
      0.9292940788255503,
      0.03614494665290377
    ],
    [
      0.048184113668356454,
      0.26427748135788043,
      0.6336388271114471
    ]
  ],
  "M2": [
    [
      0.2104542553,
      0.793617785,
      -0.0040720468
    ],
    [
      2.1651500721924046,
      -2.3138082838988527,
      -0.25036854677235487
    ],
    [
      0.3693887699228627,
      0.6258289719118537,
      -1.2509618142448546
    ]
  ],
  "transfer": "rational",
  "rational_a": 4.88564390794578,
  "rational_b": 1.4617006335414713,
  "rational_c": 5.347344541487251,
  "nc_L": [
    0.003766743940974396,
    0.007504301103690478,
    0.011213029439398005,
    0.014893281069883822,
    0.018855396718293522,
    0.02334543393518305,
    0.028366380853949043,
    0.03392004139495744,
    0.04000492016299225,
    0.04661636716620276,
    0.053746734826701066,
    0.061385550234479856,
    0.06951970375301532,
    0.07813365369513753,
    0.08720964573043209,
    0.09672794488991183,
    0.1066670774564472,
    0.1170040796411901,
    0.12771474972465258,
    0.13877390026679423,
    0.15015560704476133,
    0.16183345154091094,
    0.17378075405809124,
    0.18597079486420864,
    0.1983770211444456,
    0.21097323794834968,
    0.2237337817429225,
    0.2366336756060406,
    0.24964876550340548,
    0.26275583747548026,
    0.2759327159097183,
    0.2891583433815108,
    0.30241284281068,
    0.3156775628972016,
    0.32893510797017894,
    0.3421693535095293,
    0.3553654486832129,
    0.36850980728791705,
    0.38159008849227366,
    0.39459516876368617,
    0.40751510631748794,
    0.4203410993652409,
    0.43306543936199193,
    0.44568146036444634,
    0.4581834855170128,
    0.47056677158382443,
    0.482827452344934,
    0.4949624815762416,
    0.5069695762372007,
    0.518847160399417,
    0.530594310363938,
    0.5422107013360795,
    0.5536965559544786,
    0.5650525949058701,
    0.5762799897988942,
    0.5873803184188707,
    0.5983555224406224,
    0.6092078676377932,
    0.6199399065941693,
    0.6305544438949038,
    0.6410545037526927,
    0.651443300005455,
    0.6617242084073808,
    0.6719007411239408,
    0.6819765233330934,
    0.6919552718291694,
    0.7018407755222842,
    0.711636877724393,
    0.7213474601128691,
    0.7309764282635421,
    0.7405276986472119,
    0.7500051869865452,
    0.7594127978737977,
    0.7687544155538089,
    0.7780338957810571,
    0.787255058664151,
    0.7964216824158243,
    0.8055374979312611,
    0.8146061841223213,
    0.8236313639399052,
    0.8326166010212596,
    0.841565396903456,
    0.8504811887485164,
    0.8593673475297435,
    0.8682271766326833,
    0.8770639108278157,
    0.8858807155755435,
    0.8946806866272966,
    0.9034668498896273,
    0.9122421615210257,
    0.9210095082338331,
    0.9297717077761111,
    0.9385315095706072,
    0.9472915954900756,
    0.9560545807501728,
    0.9648230149029475,
    0.9735993829155956,
    0.9823861063206893,
    0.9911855444254707
  ],
  "nc_a": [
    -0.001503031634556412,
    -0.0029944169635182623,
    -0.004474298819013376,
    -0.005942817707057845,
    -0.0075238078812373665,
    -0.009315452888987698,
    -0.011318945075499746,
    -0.013535004253274372,
    -0.01596303371960202,
    -0.018601178003295464,
    -0.021446385516120055,
    -0.024494477286716592,
    -0.02774022221928412,
    -0.031177418764729636,
    -0.03479898247009283,
    -0.03859703855461896,
    -0.04256301843051356,
    -0.04668775893149066,
    -0.05096160292381056,
    -0.05537449994485423,
    -0.059916105535943245,
    -0.0645758780015499,
    -0.06934317142853343,
    -0.07420732392873972,
    -0.07915774021847492,
    -0.08418396781150347,
    -0.08927576627137543,
    -0.09442316913775406,
    -0.09961653830456682,
    -0.10484661078072759,
    -0.11010453790338737,
    -0.1153819171966078,
    -0.12067081717346632,
    -0.12596379546612407,
    -0.1312539107363665,
    -0.13653472886917142,
    -0.14180032398513046,
    -0.14704527482554078,
    -0.15226465706843217,
    -0.15745403212662162,
    -0.16260943296197375,
    -0.16772734742535664,
    -0.17280469960104525,
    -0.177838829599277,
    -0.18282747220275208,
    -0.18776873473342598,
    -0.1926610744660751,
    -0.1975032758757636,
    -0.20229442796821684,
    -0.20703390190583176,
    -0.21172132910800723,
    -0.21635657997297203,
    -0.2209397433395013,
    -0.2254711067808879,
    -0.2299511378003329,
    -0.23438046597640233,
    -0.23875986608931146,
    -0.24309024224337888,
    -0.2473726129878454,
    -0.25160809742724055,
    -0.25579790230336097,
    -0.2599433100235429,
    -0.2640456676040459,
    -0.26810637649288316,
    -0.272126883233073,
    -0.276108670925019,
    -0.28005325144525245,
    -0.28396215837809496,
    -0.287836940616696,
    -0.29167915659032917,
    -0.2954903690756525,
    -0.29927214055079854,
    -0.30302602905256926,
    -0.3067535844986015,
    -0.3104563454381165,
    -0.3141358361966792,
    -0.3177935643822795,
    -0.3214310187219382,
    -0.3250496671999397,
    -0.32865095547064693,
    -0.33223630552068817,
    -0.3358071145570597,
    -0.33936475409939054,
    -0.3429105692562396,
    -0.34644587816684086,
    -0.3499719715911831,
    -0.3534901126326775,
    -0.35700153657898986,
    -0.36050745084781216,
    -0.36400903502549026,
    -0.36750744098750143,
    -0.3710037930907275,
    -0.3744991884284221,
    -0.37799469713958395,
    -0.38149136276524637,
    -0.3849902026449056,
    -0.3884922083469726,
    -0.3919983461277467,
    -0.39550955741395544
  ],