{
  "M1": [
    [
      0.8154374735648701,
      0.3603221491264266,
      -0.12432703417946676
    ],
    [
      0.03298391207546648,
      0.9292940788255503,
      0.03614494665290377
    ],
    [
      0.048184113668356454,
      0.26427748135788043,
      0.6336388271114471
    ]
  ],
  "M2": [
    [
      0.2104542553,
      0.793617785,
      -0.0040720468
    ],
    [
      2.1651500721924046,
      -2.3138082838988527,
      -0.25036854677235487
    ],
    [
      0.3693887699228627,
      0.6258289719118537,
      -1.2509618142448546
    ]
  ],
  "transfer": "rational",
  "rational_a": 4.88564390794578,
  "rational_b": 1.4617006335414713,
  "rational_c": 5.347344541487251,
  "nc": true,
  "enrichment": {
    "type": "L_gated_hue",
    "amp": 0.058,
    "center_deg": 264.5,
    "sigma": 0.7,
    "L_lo": 0.37,
    "L_hi": 1.0
  },
  "L_corr_pw": [
    -0.024955425607984538,
    -0.04337178366090362,
    0.050514816605405195,
    0.05287230937556268,
    0.020672004174349338,
    0.03417654348999659,
    0.024351371762715106,
    -0.0014571193918113405,
    -0.02025393036318166,
    0.0015179299534019408,
    -0.08927250786197168,
    0.0025786892519768217,
    -0.005032728534126327,
    0.009373268041428824,
    0.017977200775299716,
    0.020162583271821907,
    0.04736902979846483,
    0.06191855336394242,
    0.016868335784787577
  ],
  "L_corr_pw_step": 0.05
}