{
  "M1": [
    [
      0.8154374735648701,
      0.3603221491264266,
      -0.12432703417946676
    ],
    [
      0.03298391207546648,
      0.9292940788255503,
      0.03614494665290377
    ],
    [
      0.048184113668356454,
      0.26427748135788043,
      0.6336388271114471
    ]
  ],
  "M2": [
    [
      0.2104542553,
      0.793617785,
      -0.0040720468
    ],
    [
      2.1651500721924046,
      -2.3138082838988527,
      -0.25036854677235487
    ],
    [
      0.3693887699228627,
      0.6258289719118537,
      -1.2509618142448546
    ]
  ],
  "transfer": "rational",
  "rational_a": 4.88564390794578,
  "rational_b": 1.4617006335414713,
  "rational_c": 5.347344541487251
}