{
  "M1": [
    [
      0.8154374735648701,
      0.3603221491264266,
      -0.12432703417946676
    ],
    [
      0.03298391207546648,
      0.9292940788255503,
      0.03614494665290377
    ],
    [
      0.048184113668356454,
      0.26427748135788043,
      0.6336388271114471
    ]
  ],
  "M2": [
    [
      0.2104542553,
      0.793617785,
      -0.0040720468
    ],
    [
      2.1651500721924046,
      -2.3138082838988527,
      -0.25036854677235487
    ],
    [
      0.3693887699228627,
      0.6258289719118537,
      -1.2509618142448546
    ]
  ],
  "transfer": "rational",
  "rational_a": 4.88564390794578,
  "rational_b": 1.4617006335414713,
  "rational_c": 5.347344541487251,
  "L_corr_pw": [
    0.010726144628830751,
    -0.08075830932727537,
    0.027532541280217898,
    -0.048325649399890286,
    0.14959974115076893,
    -0.0034866091761485245,
    0.09828429813980988,
    0.057072654426854,
    0.023026505371179975,
    0.05420998036333432,
    0.06097354867458353,
    0.05113254469909686,
    -0.025447348166149054,
    0.0746642932832087,
    0.06010238401072031,
    0.03494921172006005,
    0.06746551198485166,
    0.03021749998028464,
    0.0027425649358441655
  ],
  "L_corr_pw_step": 0.05,
  "enrichment": {
    "type": "L_gated_hue",
    "amp": 0.058,
    "center_deg": 264.5,
    "sigma": 0.7,
    "L_lo": 0.37,
    "L_hi": 1.0
  }
}