{
  "M1": [
    [
      0.8154374735648701,
      0.3603221491264266,
      -0.12432703417946676
    ],
    [
      0.03298391207546648,
      0.9292940788255503,
      0.03614494665290377
    ],
    [
      0.048184113668356454,
      0.26427748135788043,
      0.6336388271114471
    ]
  ],
  "M2": [
    [
      0.2104542553,
      0.793617785,
      -0.0040720468
    ],
    [
      1.9779984951,
      -2.428592205,
      0.4505937099
    ],
    [
      0.0259040371,
      0.7827717662,
      -0.808675766
    ]
  ],
  "transfer": "rational",
  "rational_a": 4.0,
  "rational_b": 2.0,
  "rational_c": 5.0
}