{
  "M1": [
    [
      0.8189330101,
      0.3618667424,
      -0.1288597137
    ],
    [
      0.0329845436,
      0.9293118715,
      0.0361456387
    ],
    [
      0.0482003018,
      0.2643662691,
      0.633851707
    ]
  ],
  "M2": [
    [
      0.2104542553,
      0.793617785,
      -0.0040720468
    ],
    [
      1.9779984951,
      -2.428592205,
      0.4505937099
    ],
    [
      0.0259040371,
      0.7827717662,
      -0.808675766
    ]
  ],
  "transfer": "rational",
  "rational_a": 3.8,
  "rational_b": 2.2,
  "rational_c": 5.0
}