{
  "M1": [
    [
      0.8154374735648701,
      0.3603221491264266,
      -0.12432703417946676
    ],
    [
      0.03298391207546648,
      0.9292940788255503,
      0.03614494665290377
    ],
    [
      0.048184113668356454,
      0.26427748135788043,
      0.6336388271114471
    ]
  ],
  "M2": [
    [
      0.21186668013760682,
      0.7989440040850104,
      -0.004099375589489282
    ],
    [
      0.7786434255016218,
      -1.1041840757854575,
      0.3255406502838356
    ],
    [
      0.013494780807077361,
      -0.0019489927912108573,
      -0.01154578801586645
    ]
  ],
  "transfer": "depcubic",
  "depcubic_alpha": 0.02,
  "_v3_metrics": {
    "chroma_amp": 1.3640037971266836,
    "achromatic": 2.27940198660459e-09,
    "blue_gr": 2.014402305169229,
    "round_trip": 1.4432899320127035e-15,
    "cusps": 360
  }
}