{
  "M1": [
    [
      0.8154374735648701,
      0.3603221491264266,
      -0.12432703417946676
    ],
    [
      0.03298391207546648,
      0.9292940788255503,
      0.03614494665290377
    ],
    [
      0.048184113668356454,
      0.26427748135788043,
      0.6336388271114471
    ]
  ],
  "M2": [
    [
      0.21186668013760682,
      0.7989440040850104,
      -0.004099375589489282
    ],
    [
      2.4672018828033475,
      -2.9877348024830788,
      0.520532919679731
    ],
    [
      -0.11390787868068575,
      1.3932982808117473,
      -1.279390402131062
    ]
  ],
  "transfer": "depcubic",
  "depcubic_alpha": 0.02
}