{
  "M1": [
    [
      0.8154374735648701,
      0.3603221491264266,
      -0.12432703417946676
    ],
    [
      0.03298391207546648,
      0.9292940788255503,
      0.03614494665290377
    ],
    [
      0.048184113668356454,
      0.26427748135788043,
      0.6336388271114471
    ]
  ],
  "M2": [
    [
      0.2104542553,
      0.793617785,
      -0.0040720468
    ],
    [
      2.0276699104011233,
      -2.4424187503378496,
      0.5153636431999618
    ],
    [
      0.17821083036303864,
      0.7593556482034086,
      -0.8320904372858967
    ]
  ],
  "transfer": "depcubic",
  "depcubic_alpha": 0.021,
  "L_corr_pw": [
    -0.040505986477810375,
    -0.07435430161969014,
    -0.09474033834131092,
    -0.09425098468772593,
    -0.08944146679273975,
    -0.0859403510700625,
    -0.08213769491188778,
    -0.07795647538955015,
    -0.07609479014797572,
    -0.06979002219081165,
    -0.06645348378711273,
    -0.06001753295886477,
    -0.054328991866965846,
    -0.045783833354952314,
    -0.03846197834800118,
    -0.029723758728833132,
    -0.020668653228716388,
    -0.010593613802940943,
    -0.003717042652527224
  ],
  "L_corr_pw_step": 0.05
}