{
  "M1": [
    [
      6.245134503607766,
      -1.7144872128033921,
      -0.4984085031504023
    ],
    [
      -0.35067873392843874,
      3.8194731167960145,
      0.6821921051865574
    ],
    [
      -0.07772488543980956,
      1.0008781874806263,
      2.4502468771982593
    ]
  ],
  "gamma": [
    0.3333333333333333,
    0.3333333333333333,
    0.3333333333333333
  ],
  "M2": [
    [
      0.3838489448608338,
      0.5940377948499471,
      -0.3611096101108259
    ],
    [
      0.4255812128445003,
      -0.2581927775760107,
      -0.15630210445969367
    ],
    [
      -0.1140739017991063,
      0.49547154766841783,
      -0.40808596462884816
    ]
  ]
}