{
  "M1": [
    [
      3793.198531286563,
      970.9749439204313,
      379.26462575894504
    ],
    [
      912.1527041637171,
      3886.6335816458627,
      996.7836794855773
    ],
    [
      -962.799700400165,
      3123.923797965502,
      2599.4182860475744
    ]
  ],
  "gamma": [
    0.3333333333333333,
    0.3333333333333333,
    0.3333333333333333
  ],
  "M2": [
    [
      1213.6604566151764,
      -422.1959025980956,
      2387.2916608875244
    ],
    [
      2711.588775058427,
      -1885.587187297609,
      -722.1220731480532
    ],
    [
      -1959.9986677330944,
      3344.9018221980564,
      -1559.7419194292675
    ]
  ]
}