{
  "M1": [
    [
      2115.5971605580435,
      1408.4318337943969,
      727.9171714173202
    ],
    [
      230.15744169599424,
      2930.966522311394,
      987.8064545261568
    ],
    [
      -697.120624427838,
      2685.011008585096,
      1355.9522721691872
    ]
  ],
  "gamma": [
    0.3333333333333333,
    0.3333333333333333,
    0.3333333333333333
  ],
  "M2": [
    [
      450.8373089951009,
      1199.6376135371297,
      -831.188648323258
    ],
    [
      831.8451070578952,
      -241.2184116588999,
      -628.0204476006365
    ],
    [
      -968.8061273096287,
      1998.099219313809,
      -1097.1965636929676
    ]
  ]
}