{
  "M1": [
    [
      179.83894650246683,
      0.9725584502263487,
      -9.351683261845043
    ],
    [
      26.616573078277533,
      124.85463597990547,
      20.14447009146809
    ],
    [
      -8.74007992194059,
      51.00219616088201,
      117.80048120501351
    ]
  ],
  "gamma": [
    0.3333333333333333,
    0.3333333333333333,
    0.3333333333333333
  ],
  "M2": [
    [
      0.08875913397372377,
      -0.032918969749906615,
      0.12603857937921517
    ],
    [
      0.20229605894315125,
      -0.16613909556674952,
      -0.032081212333126365
    ],
    [
      -0.10261947571562578,
      0.21285710156995422,
      -0.11258708902856336
    ]
  ]
}