{
  "M1": [
    [
      3.1948078625045566,
      -0.375728706071175,
      0.024434903234476883
    ],
    [
      -0.3975885547616738,
      3.0072411046773246,
      0.09627002318017837
    ],
    [
      0.20623268733531133,
      -0.47420339006611145,
      4.718315361113743
    ]
  ],
  "gamma": [
    0.3333333333333333,
    0.3333333333333333,
    0.3333333333333333
  ],
  "M2": [
    [
      0.8344555389468071,
      -0.2847956640502633,
      0.1405620300978215
    ],
    [
      0.5619070901381658,
      -0.3727637364556177,
      -0.15349278529537275
    ],
    [
      -0.1749507277994605,
      0.3267546516311027,
      -0.12615154125617942
    ]
  ]
}