{
  "M1": [
    [
      13.892827796506792,
      2.0555410164035175,
      0.7567176288432858
    ],
    [
      0.4544566602112388,
      37.210305423494944,
      8.161688351781574
    ],
    [
      -5.8481550072371205,
      17.91033422797559,
      21.68327265693817
    ]
  ],
  "gamma": [
    0.3333333333333333,
    0.3333333333333333,
    0.3333333333333333
  ],
  "M2": [
    [
      -0.02388442020105213,
      0.06477392267284843,
      0.2506455141909532
    ],
    [
      0.5979688662479475,
      -0.3032290303430717,
      -0.12687838696786585
    ],
    [
      -0.25040791870112084,
      0.4223234610680873,
      -0.26869410603840527
    ]
  ]
}