{
  "M1": [
    [
      2.978045096602384,
      1.149761900639934,
      0.16409488486232962
    ],
    [
      0.30718296375546,
      5.265076481288696,
      0.9571381348243093
    ],
    [
      -0.5672071972433724,
      2.288279511029174,
      3.824089753102734
    ]
  ],
  "gamma": [
    0.3333333333333333,
    0.3333333333333333,
    0.3333333333333333
  ],
  "M2": [
    [
      0.03441217095297261,
      0.37218523627970906,
      0.136344908666416
    ],
    [
      1.1072489716020746,
      -0.78239067195117,
      -0.17314687692669284
    ],
    [
      -0.45959301409852593,
      0.7665585326508487,
      -0.38640771656423295
    ]
  ]
}