{
  "M1": [
    [
      3793.198531286563,
      970.9749439204313,
      379.26462575894504
    ],
    [
      912.1527041637171,
      3886.6335816458627,
      996.7836794855773
    ],
    [
      -962.799700400165,
      3123.923797965502,
      2599.4182860475744
    ]
  ],
  "gamma": [
    0.3333333333333333,
    0.3333333333333333,
    0.3333333333333333
  ],
  "M2": [
    [
      0.02244849382037989,
      -0.0078091545776284655,
      0.044156585810120476
    ],
    [
      0.05015495357744146,
      -0.03487679943028686,
      -0.013356744720705667
    ],
    [
      -0.03625315279964687,
      0.061869040452060445,
      -0.028849796208526762
    ]
  ]
}