{
  "M1": [
    [
      6.213663274448127,
      -0.5041794153770129,
      -0.40416891025666857
    ],
    [
      -1.1592256796157883,
      4.350194381717271,
      0.5254938968299478
    ],
    [
      0.0008170122534259527,
      0.7226718820884986,
      2.227799849833172
    ]
  ],
  "gamma": [
    0.3333333333333333,
    0.3333333333333333,
    0.3333333333333333
  ],
  "M2": [
    [
      0.6707003764386248,
      0.17275693129316558,
      -0.2824551307487954
    ],
    [
      0.48396436585569175,
      -0.36626971564869565,
      -0.17250847293787694
    ],
    [
      -0.04414429613347437,
      0.39348704882576724,
      -0.36830343592339543
    ]
  ],
  "delta": 1.4617510162414961e-07
}