{
  "M1": [
    [
      6.213663274448127,
      -0.5041794153770129,
      -0.40416891025666857
    ],
    [
      -1.1592256796157883,
      4.350194381717271,
      0.5254938968299478
    ],
    [
      0.0008170122534259527,
      0.7226718820884986,
      2.227799849833172
    ]
  ],
  "gamma": [
    0.3333333333333333,
    0.3333333333333333,
    0.3333333333333333
  ],
  "M2": [
    [
      0.4675499211910323,
      0.20915320090703618,
      -0.08488334505679182
    ],
    [
      0.4843952725673558,
      -0.3665958307304812,
      -0.17266206907852755
    ],
    [
      -0.04418360083197623,
      0.39383739736845824,
      -0.36863136176600936
    ]
  ],
  "delta": 0.0013495689531852156,
  "L_corr": [
    -0.09792777021381058,
    0.13347979909791408,
    0.30350768100715936
  ]
}