{
  "M1": [
    [
      6.213663274448127,
      -0.5041794153770129,
      -1.0
    ],
    [
      -1.1592256796157883,
      4.350194381717271,
      0.5254938968299478
    ],
    [
      0.0008170122534259527,
      0.7226718820884986,
      2.227799849833172
    ]
  ],
  "M2": [
    [
      0.4675499211910323,
      0.20915320090703618,
      -0.08488334505679182
    ],
    [
      0.4203346428679626,
      -0.3391318270307734,
      -0.10509042512665664
    ],
    [
      -0.06677859164853184,
      0.44048766950892415,
      -0.3956399983194349
    ]
  ],
  "gamma": [
    0.3333333333333333,
    0.3333333333333333,
    0.3333333333333333
  ],
  "L_corr": [
    -0.03101783863202362,
    -0.03887437547469943,
    -0.07985413134365757
  ],
  "hue_correction": [
    -0.051280316464090696,
    0.032847148333027744,
    -0.08404157857853675,
    0.10908715133952421
  ],
  "chroma_power": 0.5,
  "chroma_k": 0.08571199953648434,
  "architecture": "v7b_s2_m1fix_blue",
  "wins_fast": 18,
  "losses_fast": 4,
  "ties_fast": 4,
  "rt_err": 3.542339044315668e-08
}