{
  "M1": [
    [
      6.213663274448127,
      -0.5041794153770129,
      -0.40416891025666857
    ],
    [
      -1.1592256796157883,
      4.350194381717271,
      0.5254938968299478
    ],
    [
      0.0008170122534259527,
      0.7226718820884986,
      2.227799849833172
    ]
  ],
  "M2": [
    [
      0.4675499211910323,
      0.20915320090703618,
      -0.08488334505679182
    ],
    [
      0.38550055326296795,
      -0.2658058512168077,
      -0.16508297473841615
    ],
    [
      -0.005998180179151498,
      0.4006979451645072,
      -0.42038174953482815
    ]
  ],
  "gamma": [
    0.3333333333333333,
    0.3333333333333333,
    0.3333333333333333
  ],
  "L_corr": [
    -0.11219226788372638,
    0.08641890098537677,
    -0.10040951682736263
  ],
  "hue_correction": [
    0.02577640692242715,
    -0.15,
    -0.048851263822634515,
    0.0891702506396766
  ],
  "chroma_power": 0.9042908549809747,
  "chroma_k": 0.033227692528024,
  "architecture": "v7b_cbrt_hrd_chroma_lcorr",
  "wins": 26,
  "losses": 10,
  "ties": 5,
  "rt_err": 3.9292633813303723e-08
}