{
  "M1": [
    [
      6.213663274448127,
      -0.5041794153770129,
      -0.40416891025666857
    ],
    [
      -1.1592256796157883,
      4.350194381717271,
      0.5254938968299478
    ],
    [
      0.0008170122534259527,
      0.7226718820884986,
      2.227799849833172
    ]
  ],
  "M2": [
    [
      0.4675499211910323,
      0.20915320090703618,
      -0.08488334505679182
    ],
    [
      0.413107321408243,
      -0.34607295681592193,
      -0.11159849242340374
    ],
    [
      -0.06563038662508128,
      0.4415904072426957,
      -0.39460606125094744
    ]
  ],
  "gamma": [
    0.3333333333333333,
    0.3333333333333333,
    0.3333333333333333
  ],
  "L_corr": [
    -0.03101783863202362,
    -0.03887437547469943,
    -0.07985413134365757
  ],
  "hue_correction": [
    -0.051280316464090696,
    0.032847148333027744,
    -0.08404157857853675,
    0.10908715133952421
  ],
  "chroma_power": 0.5,
  "chroma_k": 0.08571199953648434,
  "architecture": "v7b_hrd_s2_munsell_bonus",
  "wins_fast": 18,
  "losses_fast": 4,
  "ties_fast": 4,
  "rt_err": 3.542339044315668e-08
}