{
  "M1": [
    [
      6.213663274448127,
      -0.5041794153770129,
      -0.40416891025666857
    ],
    [
      -1.1592256796157883,
      4.350194381717271,
      0.5254938968299478
    ],
    [
      0.0008170122534259527,
      0.7226718820884986,
      2.227799849833172
    ]
  ],
  "M2": [
    [
      0.3370720974465785,
      0.30248572764732196,
      -0.02670763522169854
    ],
    [
      0.6566131615786952,
      -0.902546092009203,
      0.19831822895552692
    ],
    [
      0.20627610338927344,
      0.4283713962975368,
      -0.6967809058646248
    ]
  ],
  "gamma": [
    0.3333333333333333,
    0.3333333333333333,
    0.3333333333333333
  ],
  "L_corr": [
    0.08441376041667797,
    -0.06705778430236013,
    -0.2
  ],
  "architecture": "v7bM1_blend_alpha0.40"
}