{
  "M1": [
    [
      6.213663274448127,
      -0.5041794153770129,
      -0.40416891025666857
    ],
    [
      -1.1592256796157883,
      4.350194381717271,
      0.5254938968299478
    ],
    [
      0.0008170122534259527,
      0.7226718820884986,
      2.227799849833172
    ]
  ],
  "M2": [
    [
      0.30445264151046514,
      0.32581885933239335,
      -0.012163707762925222
    ],
    [
      0.69966763383153,
      -1.0365336573288835,
      0.2910633034640405
    ],
    [
      0.2688910294445858,
      0.4370048960298064,
      -0.7788182918892786
    ]
  ],
  "gamma": [
    0.3333333333333333,
    0.3333333333333333,
    0.3333333333333333
  ],
  "L_corr": [
    0.10551720052084747,
    -0.08382223037795017,
    -0.25
  ],
  "architecture": "v7bM1_blend_alpha0.50"
}