{
  "M1": [
    [
      6.213663274448127,
      -0.5041794153770129,
      -0.40416891025666857
    ],
    [
      -1.1592256796157883,
      4.350194381717271,
      0.5254938968299478
    ],
    [
      0.0008170122534259527,
      0.7226718820884986,
      2.227799849833172
    ]
  ],
  "M2": [
    [
      0.3305482062593559,
      0.30715235398433627,
      -0.023798849729943887
    ],
    [
      0.6652240560292622,
      -0.9293436050731391,
      0.21686724385722958
    ],
    [
      0.21879908860033587,
      0.43009809624399076,
      -0.7131883830695556
    ]
  ],
  "gamma": [
    0.3333333333333333,
    0.3333333333333333,
    0.3333333333333333
  ],
  "L_corr": [
    0.08863444843751186,
    -0.07041067351747814,
    -0.21
  ],
  "architecture": "v7bM1_blend_alpha0.42"
}