{
  "M1": [
    [
      6.213663274448127,
      -0.5041794153770129,
      -0.40416891025666857
    ],
    [
      -1.1592256796157883,
      4.350194381717271,
      0.5254938968299478
    ],
    [
      0.0008170122534259527,
      0.7226718820884986,
      2.227799849833172
    ]
  ],
  "M2": [
    [
      0.34359598863380125,
      0.29781910131030764,
      -0.029616420713453207
    ],
    [
      0.6480022671281281,
      -0.8757485789452669,
      0.17976921405382418
    ],
    [
      0.19375311817821095,
      0.4266446963510829,
      -0.6803734286596941
    ]
  ],
  "gamma": [
    0.3333333333333333,
    0.3333333333333333,
    0.3333333333333333
  ],
  "L_corr": [
    0.08019307239584407,
    -0.06370489508724213,
    -0.19
  ],
  "architecture": "v7bM1_blend_alpha0.38"
}