{
  "M1": [
    [
      6.213663274448127,
      -0.5041794153770129,
      -0.40416891025666857
    ],
    [
      -1.1592256796157883,
      4.350194381717271,
      0.5254938968299478
    ],
    [
      0.0008170122534259527,
      0.7226718820884986,
      2.227799849833172
    ]
  ],
  "M2": [
    [
      0.36969155338269194,
      0.2791525959622505,
      -0.04125156268047186
    ],
    [
      0.6744803482333841,
      -0.7228397367964499,
      -0.013899647306820626
    ],
    [
      0.14363058972380183,
      0.4197098607967294,
      -0.614769806435094
    ]
  ],
  "gamma": [
    0.3333333333333333,
    0.3333333333333333,
    0.3333333333333333
  ],
  "L_corr": [
    0.06331032031250848,
    -0.0502933382267701,
    -0.15
  ],
  "architecture": "v7bblend30_achfix_bluefix",
  "M2_inv": null
}