{
  "M1": [
    [
      6.213663274448127,
      -0.5041794153770129,
      -0.40416891025666857
    ],
    [
      -1.1592256796157883,
      4.350194381717271,
      0.5254938968299478
    ],
    [
      0.0008170122534259527,
      0.7226718820884986,
      2.227799849833172
    ]
  ],
  "M2": [
    [
      0.35338182541463525,
      0.2908191618047862,
      -0.03397959895108521
    ],
    [
      0.6350859254522777,
      -0.8355523093493626,
      0.1519456917012701
    ],
    [
      0.17496864036161722,
      0.424054646431402,
      -0.6557622128522979
    ]
  ],
  "gamma": [
    0.3333333333333333,
    0.3333333333333333,
    0.3333333333333333
  ],
  "L_corr": [
    0.07386204036459322,
    -0.058675561264565114,
    -0.175
  ],
  "architecture": "v7bM1_blend_alpha0.35"
}