{
  "M1": [
    [
      6.213663274448127,
      -0.5041794153770129,
      -0.40416891025666857
    ],
    [
      -1.1592256796157883,
      4.350194381717271,
      0.5254938968299478
    ],
    [
      0.0008170122534259527,
      0.7226718820884986,
      2.227799849833172
    ]
  ],
  "M2": [
    [
      0.36969155338269194,
      0.2791525959622505,
      -0.04125156268047186
    ],
    [
      0.6135586893258602,
      -0.7685585266895225,
      0.1055731544470133
    ],
    [
      0.143661177333961,
      0.4197378965652671,
      -0.6147435198399709
    ]
  ],
  "gamma": [
    0.3333333333333333,
    0.3333333333333333,
    0.3333333333333333
  ],
  "L_corr": [
    0.06331032031250848,
    -0.0502933382267701,
    -0.15
  ],
  "architecture": "v7bM1_blend_alpha0.30"
}