{
  "M1": [
    [
      6.213663274448127,
      -0.5041794153770129,
      -0.40416891025666857
    ],
    [
      -1.1592256796157883,
      4.350194381717271,
      0.5254938968299478
    ],
    [
      0.0008170122534259527,
      0.7226718820884986,
      2.227799849833172
    ]
  ],
  "M2": [
    [
      0.3207623694785218,
      0.3141522934898577,
      -0.019435671492311887
    ],
    [
      0.6781403977051126,
      -0.9695398746690432,
      0.24469076620978375
    ],
    [
      0.23758356641692963,
      0.4326881461636716,
      -0.7377995988769518
    ]
  ],
  "gamma": [
    0.3333333333333333,
    0.3333333333333333,
    0.3333333333333333
  ],
  "L_corr": [
    0.09496548046876273,
    -0.07544000734015516,
    -0.225
  ],
  "architecture": "v7bM1_blend_alpha0.45"
}