{
  "version": "v8-blue",
  "seed": "v7b",
  "loss": 1000000.0,
  "M1": [
    [
      6.220450384824547,
      -0.5099213144941818,
      -0.4128508038237923
    ],
    [
      -1.12931557912358,
      4.324716300520628,
      0.501644901923499
    ],
    [
      0.0009555403789015153,
      0.7226457588949804,
      2.247182335566729
    ]
  ],
  "M2": [
    [
      0.4775061041698957,
      0.15653447308875462,
      -0.10042718519471204
    ],
    [
      0.4864967054220601,
      -0.3516398142737578,
      -0.18390494121463477
    ],
    [
      -0.07924585840190146,
      0.42740632722896216,
      -0.3637896822595112
    ]
  ],
  "gamma": [
    0.3333333333333333,
    0.3333333333333333,
    0.3333333333333333
  ],
  "L_corr_p1": -0.08468773779802519,
  "L_corr_p2": -0.19296476049028533,
  "L_corr_p3": 0.31572982618241197,
  "metrics": {
    "blue_gr": 1.0167762795484823,
    "blue_mid": "#9a9dff",
    "red_gb": 0.05004243508778883,
    "red_mid": "#ff9b8e",
    "cv": 0.25193959179555964,
    "hue_rms": 2.6526055789182497,
    "ach": 0.010119209538437923,
    "cond_m1": 3.1425294488416537,
    "cond_m2": 3.0213320964849286,
    "rt": 1.5543122344752192e-15,
    "M1": [
      [
        6.220450384824547,
        -0.5099213144941818,
        -0.4128508038237923
      ],
      [
        -1.12931557912358,
        4.324716300520628,
        0.501644901923499
      ],
      [
        0.0009555403789015153,
        0.7226457588949804,
        2.247182335566729
      ]
    ],
    "M2": [
      [
        0.4775061041698957,
        0.15653447308875462,
        -0.10042718519471204
      ],
      [
        0.4864967054220601,
        -0.3516398142737578,
        -0.18390494121463477
      ],
      [
        -0.07924585840190146,
        0.42740632722896216,
        -0.3637896822595112
      ]
    ],
    "L_corr": [
      -0.08468773779802519,
      -0.19296476049028533,
      0.31572982618241197
    ]
  }
}