{
  "M1": [
    [
      6.220450384824547,
      -0.5099213144941818,
      -0.4128508038237923
    ],
    [
      -1.12931557912358,
      4.324716300520628,
      0.501644901923499
    ],
    [
      0.0009555403789015153,
      0.7226457588949804,
      2.247182335566729
    ]
  ],
  "gamma": [
    0.3333333333333333,
    0.3333333333333333,
    0.3333333333333333
  ],
  "M2": [
    [
      0.4775061041698957,
      0.15653447308875462,
      -0.10042718519471204
    ],
    [
      0.4864967054220601,
      -0.3516398142737578,
      -0.18390494121463477
    ],
    [
      -0.07924585840190146,
      0.42740632722896216,
      -0.3637896822595112
    ]
  ],
  "hue_cos1": 0,
  "hue_sin1": 0,
  "hue_cos2": 0,
  "hue_sin2": 0,
  "hue_cos3": 0,
  "hue_sin3": 0,
  "hue_cos4": 0,
  "hue_sin4": 0,
  "L_corr_p1": -0.08468773779802519,
  "L_corr_p2": -0.19296476049028533,
  "L_corr_p3": 0.31572982618241197,
  "lp_dark": 0,
  "lp_dark_hcos": 0,
  "lp_dark_hsin": 0,
  "lc1": 0,
  "lc2": 0,
  "chroma_power": 1.0,
  "hue_L_amp": 0,
  "hue_L_center": 0,
  "hue_L_width": 1,
  "hue_L_knee": 1
}