{
  "version": "v8",
  "seed": "hybrid",
  "loss": 0.6989902976599506,
  "M1": [
    [
      6.50414301871139,
      -0.9841917395931062,
      -0.8837636774419575
    ],
    [
      -1.3673532961236485,
      4.543092163952221,
      0.8036011817253089
    ],
    [
      0.02223749110083046,
      0.5640582965506614,
      2.631865589828522
    ]
  ],
  "gamma": [
    0.3333333333333333,
    0.3333333333333333,
    0.3333333333333333
  ],
  "M2": [
    [
      0.7661889742801972,
      0.9951586362901417,
      0.4772962399695415
    ],
    [
      2.03905251276773,
      -2.599910407988751,
      0.5746106982982115
    ],
    [
      -0.12219829773152872,
      1.0081309722244267,
      -0.9385134325092889
    ]
  ],
  "L_corr": [
    -0.32304265305206215,
    0.3496471173164884,
    0.3121169643665492
  ]
}