{
  "M1": [
    [
      1.0403448327773606,
      0.41993669591668037,
      -0.14134448745631042
    ],
    [
      -0.13779384203355208,
      1.1291188782853543,
      0.18794785646438678
    ],
    [
      0.3022536750736634,
      0.009184664462818543,
      0.7534384816521927
    ]
  ],
  "gamma": [
    0.3333333333333333,
    0.3333333333333333,
    0.3333333333333333
  ],
  "M2": [
    [
      0.7825973833859194,
      1.1312126533387785,
      0.784714153606347
    ],
    [
      1.9982522630043897,
      -2.5291442974554768,
      0.5150421937663908
    ],
    [
      0.033516499882882175,
      0.6387076297535859,
      -0.689534443600456
    ]
  ],
  "L_corr_p1": 0.16384825390346194,
  "L_corr_p2": 0.35763754059178254,
  "L_corr_p3": 0.3282372383038439,
  "delta": 0.0
}