{
  "version": "v8",
  "seed": "rnd2",
  "loss": 0.7523467579326647,
  "M1": [
    [
      7.157530276757708,
      -0.15531006241734424,
      -0.8508791631521598
    ],
    [
      -0.3780063552748684,
      4.5480481025311645,
      0.6694627452605824
    ],
    [
      0.18190600154599443,
      0.6067730002210896,
      2.752370460233136
    ]
  ],
  "gamma": [
    0.3333333333333333,
    0.3333333333333333,
    0.3333333333333333
  ],
  "M2": [
    [
      0.7772507614408609,
      0.6652722580250464,
      0.6807472677829437
    ],
    [
      0.36769750709910937,
      -0.02798232139591881,
      -0.3917448022288231
    ],
    [
      -0.07893769963606635,
      0.5870224617503369,
      -0.5503682243357112
    ]
  ],
  "L_corr": [
    -0.2335063537884909,
    0.223525062045191,
    0.22748576455654793
  ]
}