{
  "M1": [
    [
      5.5873675751838485,
      -0.13075701296505546,
      -0.8079651892992473
    ],
    [
      -1.4889510421846468,
      3.809615299917468,
      0.817302967254518
    ],
    [
      0.004953348670404891,
      0.5346793773322612,
      2.208318148294434
    ]
  ],
  "gamma": [
    0.3333333333333333,
    0.3333333333333333,
    0.3333333333333333
  ],
  "M2": [
    [
      0.15010022095087291,
      0.5676996888950036,
      -0.06135843192110459
    ],
    [
      1.217511924646388,
      -1.9831506902110807,
      0.6754013210331109
    ],
    [
      -0.312228777030571,
      1.1415879284208081,
      -0.8297351007933339
    ]
  ],
  "hue_cos1": 0.0,
  "hue_sin1": 0.0,
  "hue_cos2": 0.0,
  "hue_sin2": 0.0,
  "hue_cos3": 0.0,
  "hue_sin3": 0.0,
  "hue_cos4": 0.0,
  "hue_sin4": 0.0,
  "L_corr_p1": -0.3805048258082882,
  "L_corr_p2": 0.3350872471213897,
  "L_corr_p3": -0.22997799233455626,
  "lp_dark": 0.0,
  "lp_dark_hcos": 0.0,
  "lp_dark_hsin": 0.0,
  "lc1": 0.0,
  "lc2": 0.0,
  "hue_L_amp": 0.0,
  "hue_L_center": 0.0,
  "hue_L_width": 1.0,
  "hue_L_knee": 1.0
}