{
  "version": "v8v4",
  "seed": "hybrid",
  "loss": 1.1927715839414494,
  "M1": [
    [
      5.5873675751838485,
      -0.13075701296505546,
      -0.8079651892992473
    ],
    [
      -1.4889510421846468,
      3.809615299917468,
      0.817302967254518
    ],
    [
      0.004953348670404891,
      0.5346793773322612,
      2.208318148294434
    ]
  ],
  "gamma": [
    0.3333333333333333,
    0.3333333333333333,
    0.3333333333333333
  ],
  "M2": [
    [
      0.1502960621524951,
      0.5684403872665944,
      -0.0614384884923805
    ],
    [
      1.217511711414725,
      -1.9831508851234616,
      0.6754011331025778
    ],
    [
      -0.31222904997566836,
      1.141587678925128,
      -0.8297353413519681
    ]
  ],
  "L_corr": [
    -0.3805048258082882,
    0.3350872471213897,
    -0.22997799233455626
  ]
}